suite_run_id,benchmark_run_id,started_at_utc,run_index,hostname,os,os_release,os_version,arch,cpu_model,cpu_count,engine,task,elapsed_seconds,repeat,rows,n,output_rows,chunks,best_seconds,checksum
b454effd-b605-4aaa-801c-de5fdae9f0a1,2c24a7e8-659c-449c-a3e0-0ebbb898aa5d,2026-05-01T19:01:57+00:00,1,sae-hwans-mbp.pmacs.upenn.edu,Darwin,25.4.0,Darwin Kernel Version 25.4.0: Thu Mar 19 19:26:07 PDT 2026; root:xnu-12377.101.15~1/RELEASE_ARM64_T6031,arm64,Apple M3 Max,16,python-numpy,numeric,2.450894417008385,20,,50000000,,,2.2153395829955116,413464.5823675956
b454effd-b605-4aaa-801c-de5fdae9f0a1,2c24a7e8-659c-449c-a3e0-0ebbb898aa5d,2026-05-01T19:01:57+00:00,2,sae-hwans-mbp.pmacs.upenn.edu,Darwin,25.4.0,Darwin Kernel Version 25.4.0: Thu Mar 19 19:26:07 PDT 2026; root:xnu-12377.101.15~1/RELEASE_ARM64_T6031,arm64,Apple M3 Max,16,python-numpy,numeric,2.2153395829955116,20,,50000000,,,2.2153395829955116,413464.5823675956
b454effd-b605-4aaa-801c-de5fdae9f0a1,2c24a7e8-659c-449c-a3e0-0ebbb898aa5d,2026-05-01T19:01:57+00:00,3,sae-hwans-mbp.pmacs.upenn.edu,Darwin,25.4.0,Darwin Kernel Version 25.4.0: Thu Mar 19 19:26:07 PDT 2026; root:xnu-12377.101.15~1/RELEASE_ARM64_T6031,arm64,Apple M3 Max,16,python-numpy,numeric,2.233423791010864,20,,50000000,,,2.2153395829955116,413464.5823675956
b454effd-b605-4aaa-801c-de5fdae9f0a1,2c24a7e8-659c-449c-a3e0-0ebbb898aa5d,2026-05-01T19:01:57+00:00,4,sae-hwans-mbp.pmacs.upenn.edu,Darwin,25.4.0,Darwin Kernel Version 25.4.0: Thu Mar 19 19:26:07 PDT 2026; root:xnu-12377.101.15~1/RELEASE_ARM64_T6031,arm64,Apple M3 Max,16,python-numpy,numeric,2.305329208029434,20,,50000000,,,2.2153395829955116,413464.5823675956
b454effd-b605-4aaa-801c-de5fdae9f0a1,2c24a7e8-659c-449c-a3e0-0ebbb898aa5d,2026-05-01T19:01:57+00:00,5,sae-hwans-mbp.pmacs.upenn.edu,Darwin,25.4.0,Darwin Kernel Version 25.4.0: Thu Mar 19 19:26:07 PDT 2026; root:xnu-12377.101.15~1/RELEASE_ARM64_T6031,arm64,Apple M3 Max,16,python-numpy,numeric,2.3086504580569454,20,,50000000,,,2.2153395829955116,413464.5823675956
b454effd-b605-4aaa-801c-de5fdae9f0a1,2c24a7e8-659c-449c-a3e0-0ebbb898aa5d,2026-05-01T19:01:57+00:00,6,sae-hwans-mbp.pmacs.upenn.edu,Darwin,25.4.0,Darwin Kernel Version 25.4.0: Thu Mar 19 19:26:07 PDT 2026; root:xnu-12377.101.15~1/RELEASE_ARM64_T6031,arm64,Apple M3 Max,16,python-numpy,numeric,2.241296667023562,20,,50000000,,,2.2153395829955116,413464.5823675956
b454effd-b605-4aaa-801c-de5fdae9f0a1,2c24a7e8-659c-449c-a3e0-0ebbb898aa5d,2026-05-01T19:01:57+00:00,7,sae-hwans-mbp.pmacs.upenn.edu,Darwin,25.4.0,Darwin Kernel Version 25.4.0: Thu Mar 19 19:26:07 PDT 2026; root:xnu-12377.101.15~1/RELEASE_ARM64_T6031,arm64,Apple M3 Max,16,python-numpy,numeric,2.2606615420081653,20,,50000000,,,2.2153395829955116,413464.5823675956
b454effd-b605-4aaa-801c-de5fdae9f0a1,2c24a7e8-659c-449c-a3e0-0ebbb898aa5d,2026-05-01T19:01:57+00:00,8,sae-hwans-mbp.pmacs.upenn.edu,Darwin,25.4.0,Darwin Kernel Version 25.4.0: Thu Mar 19 19:26:07 PDT 2026; root:xnu-12377.101.15~1/RELEASE_ARM64_T6031,arm64,Apple M3 Max,16,python-numpy,numeric,2.2577963329968043,20,,50000000,,,2.2153395829955116,413464.5823675956
b454effd-b605-4aaa-801c-de5fdae9f0a1,2c24a7e8-659c-449c-a3e0-0ebbb898aa5d,2026-05-01T19:01:57+00:00,9,sae-hwans-mbp.pmacs.upenn.edu,Darwin,25.4.0,Darwin Kernel Version 25.4.0: Thu Mar 19 19:26:07 PDT 2026; root:xnu-12377.101.15~1/RELEASE_ARM64_T6031,arm64,Apple M3 Max,16,python-numpy,numeric,2.2375893329735845,20,,50000000,,,2.2153395829955116,413464.5823675956
b454effd-b605-4aaa-801c-de5fdae9f0a1,2c24a7e8-659c-449c-a3e0-0ebbb898aa5d,2026-05-01T19:01:57+00:00,10,sae-hwans-mbp.pmacs.upenn.edu,Darwin,25.4.0,Darwin Kernel Version 25.4.0: Thu Mar 19 19:26:07 PDT 2026; root:xnu-12377.101.15~1/RELEASE_ARM64_T6031,arm64,Apple M3 Max,16,python-numpy,numeric,2.2618197919800878,20,,50000000,,,2.2153395829955116,413464.5823675956
b454effd-b605-4aaa-801c-de5fdae9f0a1,2c24a7e8-659c-449c-a3e0-0ebbb898aa5d,2026-05-01T19:01:57+00:00,11,sae-hwans-mbp.pmacs.upenn.edu,Darwin,25.4.0,Darwin Kernel Version 25.4.0: Thu Mar 19 19:26:07 PDT 2026; root:xnu-12377.101.15~1/RELEASE_ARM64_T6031,arm64,Apple M3 Max,16,python-numpy,numeric,2.250888583017513,20,,50000000,,,2.2153395829955116,413464.5823675956
b454effd-b605-4aaa-801c-de5fdae9f0a1,2c24a7e8-659c-449c-a3e0-0ebbb898aa5d,2026-05-01T19:01:57+00:00,12,sae-hwans-mbp.pmacs.upenn.edu,Darwin,25.4.0,Darwin Kernel Version 25.4.0: Thu Mar 19 19:26:07 PDT 2026; root:xnu-12377.101.15~1/RELEASE_ARM64_T6031,arm64,Apple M3 Max,16,python-numpy,numeric,2.2964415830210783,20,,50000000,,,2.2153395829955116,413464.5823675956
b454effd-b605-4aaa-801c-de5fdae9f0a1,2c24a7e8-659c-449c-a3e0-0ebbb898aa5d,2026-05-01T19:01:57+00:00,13,sae-hwans-mbp.pmacs.upenn.edu,Darwin,25.4.0,Darwin Kernel Version 25.4.0: Thu Mar 19 19:26:07 PDT 2026; root:xnu-12377.101.15~1/RELEASE_ARM64_T6031,arm64,Apple M3 Max,16,python-numpy,numeric,2.253703541995492,20,,50000000,,,2.2153395829955116,413464.5823675956
b454effd-b605-4aaa-801c-de5fdae9f0a1,2c24a7e8-659c-449c-a3e0-0ebbb898aa5d,2026-05-01T19:01:57+00:00,14,sae-hwans-mbp.pmacs.upenn.edu,Darwin,25.4.0,Darwin Kernel Version 25.4.0: Thu Mar 19 19:26:07 PDT 2026; root:xnu-12377.101.15~1/RELEASE_ARM64_T6031,arm64,Apple M3 Max,16,python-numpy,numeric,2.2820341250044294,20,,50000000,,,2.2153395829955116,413464.5823675956
b454effd-b605-4aaa-801c-de5fdae9f0a1,2c24a7e8-659c-449c-a3e0-0ebbb898aa5d,2026-05-01T19:01:57+00:00,15,sae-hwans-mbp.pmacs.upenn.edu,Darwin,25.4.0,Darwin Kernel Version 25.4.0: Thu Mar 19 19:26:07 PDT 2026; root:xnu-12377.101.15~1/RELEASE_ARM64_T6031,arm64,Apple M3 Max,16,python-numpy,numeric,2.2590237080003135,20,,50000000,,,2.2153395829955116,413464.5823675956
b454effd-b605-4aaa-801c-de5fdae9f0a1,2c24a7e8-659c-449c-a3e0-0ebbb898aa5d,2026-05-01T19:01:57+00:00,16,sae-hwans-mbp.pmacs.upenn.edu,Darwin,25.4.0,Darwin Kernel Version 25.4.0: Thu Mar 19 19:26:07 PDT 2026; root:xnu-12377.101.15~1/RELEASE_ARM64_T6031,arm64,Apple M3 Max,16,python-numpy,numeric,2.321642499999143,20,,50000000,,,2.2153395829955116,413464.5823675956
b454effd-b605-4aaa-801c-de5fdae9f0a1,2c24a7e8-659c-449c-a3e0-0ebbb898aa5d,2026-05-01T19:01:57+00:00,17,sae-hwans-mbp.pmacs.upenn.edu,Darwin,25.4.0,Darwin Kernel Version 25.4.0: Thu Mar 19 19:26:07 PDT 2026; root:xnu-12377.101.15~1/RELEASE_ARM64_T6031,arm64,Apple M3 Max,16,python-numpy,numeric,2.2609791249851696,20,,50000000,,,2.2153395829955116,413464.5823675956
b454effd-b605-4aaa-801c-de5fdae9f0a1,2c24a7e8-659c-449c-a3e0-0ebbb898aa5d,2026-05-01T19:01:57+00:00,18,sae-hwans-mbp.pmacs.upenn.edu,Darwin,25.4.0,Darwin Kernel Version 25.4.0: Thu Mar 19 19:26:07 PDT 2026; root:xnu-12377.101.15~1/RELEASE_ARM64_T6031,arm64,Apple M3 Max,16,python-numpy,numeric,2.254819250025321,20,,50000000,,,2.2153395829955116,413464.5823675956
b454effd-b605-4aaa-801c-de5fdae9f0a1,2c24a7e8-659c-449c-a3e0-0ebbb898aa5d,2026-05-01T19:01:57+00:00,19,sae-hwans-mbp.pmacs.upenn.edu,Darwin,25.4.0,Darwin Kernel Version 25.4.0: Thu Mar 19 19:26:07 PDT 2026; root:xnu-12377.101.15~1/RELEASE_ARM64_T6031,arm64,Apple M3 Max,16,python-numpy,numeric,2.3144077920005657,20,,50000000,,,2.2153395829955116,413464.5823675956
b454effd-b605-4aaa-801c-de5fdae9f0a1,2c24a7e8-659c-449c-a3e0-0ebbb898aa5d,2026-05-01T19:01:57+00:00,20,sae-hwans-mbp.pmacs.upenn.edu,Darwin,25.4.0,Darwin Kernel Version 25.4.0: Thu Mar 19 19:26:07 PDT 2026; root:xnu-12377.101.15~1/RELEASE_ARM64_T6031,arm64,Apple M3 Max,16,python-numpy,numeric,2.2618047919822857,20,,50000000,,,2.2153395829955116,413464.5823675956
b454effd-b605-4aaa-801c-de5fdae9f0a1,553f73ff-dbeb-4360-8eac-2dfe4b2ab31d,2026-05-01T19:04:44+00:00,1,sae-hwans-mbp.pmacs.upenn.edu,Darwin,25.4.0,Darwin Kernel Version 25.4.0: Thu Mar 19 19:26:07 PDT 2026; root:xnu-12377.101.15~1/RELEASE_ARM64_T6031,arm64,Apple M3 Max,16,rust-native,numeric,2.926899458,20,,50000000,,,2.826706042,413462.68168466626
b454effd-b605-4aaa-801c-de5fdae9f0a1,553f73ff-dbeb-4360-8eac-2dfe4b2ab31d,2026-05-01T19:04:44+00:00,2,sae-hwans-mbp.pmacs.upenn.edu,Darwin,25.4.0,Darwin Kernel Version 25.4.0: Thu Mar 19 19:26:07 PDT 2026; root:xnu-12377.101.15~1/RELEASE_ARM64_T6031,arm64,Apple M3 Max,16,rust-native,numeric,2.896843375,20,,50000000,,,2.826706042,413462.68168466626
b454effd-b605-4aaa-801c-de5fdae9f0a1,553f73ff-dbeb-4360-8eac-2dfe4b2ab31d,2026-05-01T19:04:44+00:00,3,sae-hwans-mbp.pmacs.upenn.edu,Darwin,25.4.0,Darwin Kernel Version 25.4.0: Thu Mar 19 19:26:07 PDT 2026; root:xnu-12377.101.15~1/RELEASE_ARM64_T6031,arm64,Apple M3 Max,16,rust-native,numeric,2.891722667,20,,50000000,,,2.826706042,413462.68168466626
b454effd-b605-4aaa-801c-de5fdae9f0a1,553f73ff-dbeb-4360-8eac-2dfe4b2ab31d,2026-05-01T19:04:44+00:00,4,sae-hwans-mbp.pmacs.upenn.edu,Darwin,25.4.0,Darwin Kernel Version 25.4.0: Thu Mar 19 19:26:07 PDT 2026; root:xnu-12377.101.15~1/RELEASE_ARM64_T6031,arm64,Apple M3 Max,16,rust-native,numeric,2.898482083,20,,50000000,,,2.826706042,413462.68168466626
b454effd-b605-4aaa-801c-de5fdae9f0a1,553f73ff-dbeb-4360-8eac-2dfe4b2ab31d,2026-05-01T19:04:44+00:00,5,sae-hwans-mbp.pmacs.upenn.edu,Darwin,25.4.0,Darwin Kernel Version 25.4.0: Thu Mar 19 19:26:07 PDT 2026; root:xnu-12377.101.15~1/RELEASE_ARM64_T6031,arm64,Apple M3 Max,16,rust-native,numeric,2.877587791,20,,50000000,,,2.826706042,413462.68168466626
b454effd-b605-4aaa-801c-de5fdae9f0a1,553f73ff-dbeb-4360-8eac-2dfe4b2ab31d,2026-05-01T19:04:44+00:00,6,sae-hwans-mbp.pmacs.upenn.edu,Darwin,25.4.0,Darwin Kernel Version 25.4.0: Thu Mar 19 19:26:07 PDT 2026; root:xnu-12377.101.15~1/RELEASE_ARM64_T6031,arm64,Apple M3 Max,16,rust-native,numeric,2.9048540000000003,20,,50000000,,,2.826706042,413462.68168466626
b454effd-b605-4aaa-801c-de5fdae9f0a1,553f73ff-dbeb-4360-8eac-2dfe4b2ab31d,2026-05-01T19:04:44+00:00,7,sae-hwans-mbp.pmacs.upenn.edu,Darwin,25.4.0,Darwin Kernel Version 25.4.0: Thu Mar 19 19:26:07 PDT 2026; root:xnu-12377.101.15~1/RELEASE_ARM64_T6031,arm64,Apple M3 Max,16,rust-native,numeric,2.8960574169999997,20,,50000000,,,2.826706042,413462.68168466626
b454effd-b605-4aaa-801c-de5fdae9f0a1,553f73ff-dbeb-4360-8eac-2dfe4b2ab31d,2026-05-01T19:04:44+00:00,8,sae-hwans-mbp.pmacs.upenn.edu,Darwin,25.4.0,Darwin Kernel Version 25.4.0: Thu Mar 19 19:26:07 PDT 2026; root:xnu-12377.101.15~1/RELEASE_ARM64_T6031,arm64,Apple M3 Max,16,rust-native,numeric,2.8863781250000002,20,,50000000,,,2.826706042,413462.68168466626
b454effd-b605-4aaa-801c-de5fdae9f0a1,553f73ff-dbeb-4360-8eac-2dfe4b2ab31d,2026-05-01T19:04:44+00:00,9,sae-hwans-mbp.pmacs.upenn.edu,Darwin,25.4.0,Darwin Kernel Version 25.4.0: Thu Mar 19 19:26:07 PDT 2026; root:xnu-12377.101.15~1/RELEASE_ARM64_T6031,arm64,Apple M3 Max,16,rust-native,numeric,2.888564584,20,,50000000,,,2.826706042,413462.68168466626
b454effd-b605-4aaa-801c-de5fdae9f0a1,553f73ff-dbeb-4360-8eac-2dfe4b2ab31d,2026-05-01T19:04:44+00:00,10,sae-hwans-mbp.pmacs.upenn.edu,Darwin,25.4.0,Darwin Kernel Version 25.4.0: Thu Mar 19 19:26:07 PDT 2026; root:xnu-12377.101.15~1/RELEASE_ARM64_T6031,arm64,Apple M3 Max,16,rust-native,numeric,2.941629125,20,,50000000,,,2.826706042,413462.68168466626
b454effd-b605-4aaa-801c-de5fdae9f0a1,553f73ff-dbeb-4360-8eac-2dfe4b2ab31d,2026-05-01T19:04:44+00:00,11,sae-hwans-mbp.pmacs.upenn.edu,Darwin,25.4.0,Darwin Kernel Version 25.4.0: Thu Mar 19 19:26:07 PDT 2026; root:xnu-12377.101.15~1/RELEASE_ARM64_T6031,arm64,Apple M3 Max,16,rust-native,numeric,2.90495775,20,,50000000,,,2.826706042,413462.68168466626
b454effd-b605-4aaa-801c-de5fdae9f0a1,553f73ff-dbeb-4360-8eac-2dfe4b2ab31d,2026-05-01T19:04:44+00:00,12,sae-hwans-mbp.pmacs.upenn.edu,Darwin,25.4.0,Darwin Kernel Version 25.4.0: Thu Mar 19 19:26:07 PDT 2026; root:xnu-12377.101.15~1/RELEASE_ARM64_T6031,arm64,Apple M3 Max,16,rust-native,numeric,2.877004917,20,,50000000,,,2.826706042,413462.68168466626
b454effd-b605-4aaa-801c-de5fdae9f0a1,553f73ff-dbeb-4360-8eac-2dfe4b2ab31d,2026-05-01T19:04:44+00:00,13,sae-hwans-mbp.pmacs.upenn.edu,Darwin,25.4.0,Darwin Kernel Version 25.4.0: Thu Mar 19 19:26:07 PDT 2026; root:xnu-12377.101.15~1/RELEASE_ARM64_T6031,arm64,Apple M3 Max,16,rust-native,numeric,2.895503209,20,,50000000,,,2.826706042,413462.68168466626
b454effd-b605-4aaa-801c-de5fdae9f0a1,553f73ff-dbeb-4360-8eac-2dfe4b2ab31d,2026-05-01T19:04:44+00:00,14,sae-hwans-mbp.pmacs.upenn.edu,Darwin,25.4.0,Darwin Kernel Version 25.4.0: Thu Mar 19 19:26:07 PDT 2026; root:xnu-12377.101.15~1/RELEASE_ARM64_T6031,arm64,Apple M3 Max,16,rust-native,numeric,2.856309417,20,,50000000,,,2.826706042,413462.68168466626
b454effd-b605-4aaa-801c-de5fdae9f0a1,553f73ff-dbeb-4360-8eac-2dfe4b2ab31d,2026-05-01T19:04:44+00:00,15,sae-hwans-mbp.pmacs.upenn.edu,Darwin,25.4.0,Darwin Kernel Version 25.4.0: Thu Mar 19 19:26:07 PDT 2026; root:xnu-12377.101.15~1/RELEASE_ARM64_T6031,arm64,Apple M3 Max,16,rust-native,numeric,2.8880656670000002,20,,50000000,,,2.826706042,413462.68168466626
b454effd-b605-4aaa-801c-de5fdae9f0a1,553f73ff-dbeb-4360-8eac-2dfe4b2ab31d,2026-05-01T19:04:44+00:00,16,sae-hwans-mbp.pmacs.upenn.edu,Darwin,25.4.0,Darwin Kernel Version 25.4.0: Thu Mar 19 19:26:07 PDT 2026; root:xnu-12377.101.15~1/RELEASE_ARM64_T6031,arm64,Apple M3 Max,16,rust-native,numeric,2.8317393749999997,20,,50000000,,,2.826706042,413462.68168466626
b454effd-b605-4aaa-801c-de5fdae9f0a1,553f73ff-dbeb-4360-8eac-2dfe4b2ab31d,2026-05-01T19:04:44+00:00,17,sae-hwans-mbp.pmacs.upenn.edu,Darwin,25.4.0,Darwin Kernel Version 25.4.0: Thu Mar 19 19:26:07 PDT 2026; root:xnu-12377.101.15~1/RELEASE_ARM64_T6031,arm64,Apple M3 Max,16,rust-native,numeric,2.876658834,20,,50000000,,,2.826706042,413462.68168466626
b454effd-b605-4aaa-801c-de5fdae9f0a1,553f73ff-dbeb-4360-8eac-2dfe4b2ab31d,2026-05-01T19:04:44+00:00,18,sae-hwans-mbp.pmacs.upenn.edu,Darwin,25.4.0,Darwin Kernel Version 25.4.0: Thu Mar 19 19:26:07 PDT 2026; root:xnu-12377.101.15~1/RELEASE_ARM64_T6031,arm64,Apple M3 Max,16,rust-native,numeric,2.830220916,20,,50000000,,,2.826706042,413462.68168466626
b454effd-b605-4aaa-801c-de5fdae9f0a1,553f73ff-dbeb-4360-8eac-2dfe4b2ab31d,2026-05-01T19:04:44+00:00,19,sae-hwans-mbp.pmacs.upenn.edu,Darwin,25.4.0,Darwin Kernel Version 25.4.0: Thu Mar 19 19:26:07 PDT 2026; root:xnu-12377.101.15~1/RELEASE_ARM64_T6031,arm64,Apple M3 Max,16,rust-native,numeric,2.856836791,20,,50000000,,,2.826706042,413462.68168466626
b454effd-b605-4aaa-801c-de5fdae9f0a1,553f73ff-dbeb-4360-8eac-2dfe4b2ab31d,2026-05-01T19:04:44+00:00,20,sae-hwans-mbp.pmacs.upenn.edu,Darwin,25.4.0,Darwin Kernel Version 25.4.0: Thu Mar 19 19:26:07 PDT 2026; root:xnu-12377.101.15~1/RELEASE_ARM64_T6031,arm64,Apple M3 Max,16,rust-native,numeric,2.826706042,20,,50000000,,,2.826706042,413462.68168466626
b454effd-b605-4aaa-801c-de5fdae9f0a1,adf80294-13b7-4d9b-a945-8bac6fa29492,2026-05-01T19:05:26+00:00,1,sae-hwans-mbp.pmacs.upenn.edu,Darwin,25.4.0,Darwin Kernel Version 25.4.0: Thu Mar 19 19:26:07 PDT 2026; root:xnu-12377.101.15~1/RELEASE_ARM64_T6031,arm64,Apple M3 Max,16,rust-rayon,numeric,0.674258708,20,,50000000,,,0.651570625,413462.68168466626
b454effd-b605-4aaa-801c-de5fdae9f0a1,adf80294-13b7-4d9b-a945-8bac6fa29492,2026-05-01T19:05:26+00:00,2,sae-hwans-mbp.pmacs.upenn.edu,Darwin,25.4.0,Darwin Kernel Version 25.4.0: Thu Mar 19 19:26:07 PDT 2026; root:xnu-12377.101.15~1/RELEASE_ARM64_T6031,arm64,Apple M3 Max,16,rust-rayon,numeric,0.67463075,20,,50000000,,,0.651570625,413462.68168466626
b454effd-b605-4aaa-801c-de5fdae9f0a1,adf80294-13b7-4d9b-a945-8bac6fa29492,2026-05-01T19:05:26+00:00,3,sae-hwans-mbp.pmacs.upenn.edu,Darwin,25.4.0,Darwin Kernel Version 25.4.0: Thu Mar 19 19:26:07 PDT 2026; root:xnu-12377.101.15~1/RELEASE_ARM64_T6031,arm64,Apple M3 Max,16,rust-rayon,numeric,0.651570625,20,,50000000,,,0.651570625,413462.68168466626
b454effd-b605-4aaa-801c-de5fdae9f0a1,adf80294-13b7-4d9b-a945-8bac6fa29492,2026-05-01T19:05:26+00:00,4,sae-hwans-mbp.pmacs.upenn.edu,Darwin,25.4.0,Darwin Kernel Version 25.4.0: Thu Mar 19 19:26:07 PDT 2026; root:xnu-12377.101.15~1/RELEASE_ARM64_T6031,arm64,Apple M3 Max,16,rust-rayon,numeric,0.667544625,20,,50000000,,,0.651570625,413462.68168466626
b454effd-b605-4aaa-801c-de5fdae9f0a1,adf80294-13b7-4d9b-a945-8bac6fa29492,2026-05-01T19:05:26+00:00,5,sae-hwans-mbp.pmacs.upenn.edu,Darwin,25.4.0,Darwin Kernel Version 25.4.0: Thu Mar 19 19:26:07 PDT 2026; root:xnu-12377.101.15~1/RELEASE_ARM64_T6031,arm64,Apple M3 Max,16,rust-rayon,numeric,0.664202792,20,,50000000,,,0.651570625,413462.68168466626
b454effd-b605-4aaa-801c-de5fdae9f0a1,adf80294-13b7-4d9b-a945-8bac6fa29492,2026-05-01T19:05:26+00:00,6,sae-hwans-mbp.pmacs.upenn.edu,Darwin,25.4.0,Darwin Kernel Version 25.4.0: Thu Mar 19 19:26:07 PDT 2026; root:xnu-12377.101.15~1/RELEASE_ARM64_T6031,arm64,Apple M3 Max,16,rust-rayon,numeric,0.668923875,20,,50000000,,,0.651570625,413462.68168466626
b454effd-b605-4aaa-801c-de5fdae9f0a1,adf80294-13b7-4d9b-a945-8bac6fa29492,2026-05-01T19:05:26+00:00,7,sae-hwans-mbp.pmacs.upenn.edu,Darwin,25.4.0,Darwin Kernel Version 25.4.0: Thu Mar 19 19:26:07 PDT 2026; root:xnu-12377.101.15~1/RELEASE_ARM64_T6031,arm64,Apple M3 Max,16,rust-rayon,numeric,0.67573675,20,,50000000,,,0.651570625,413462.68168466626
b454effd-b605-4aaa-801c-de5fdae9f0a1,adf80294-13b7-4d9b-a945-8bac6fa29492,2026-05-01T19:05:26+00:00,8,sae-hwans-mbp.pmacs.upenn.edu,Darwin,25.4.0,Darwin Kernel Version 25.4.0: Thu Mar 19 19:26:07 PDT 2026; root:xnu-12377.101.15~1/RELEASE_ARM64_T6031,arm64,Apple M3 Max,16,rust-rayon,numeric,0.663089125,20,,50000000,,,0.651570625,413462.68168466626
b454effd-b605-4aaa-801c-de5fdae9f0a1,adf80294-13b7-4d9b-a945-8bac6fa29492,2026-05-01T19:05:26+00:00,9,sae-hwans-mbp.pmacs.upenn.edu,Darwin,25.4.0,Darwin Kernel Version 25.4.0: Thu Mar 19 19:26:07 PDT 2026; root:xnu-12377.101.15~1/RELEASE_ARM64_T6031,arm64,Apple M3 Max,16,rust-rayon,numeric,0.657889375,20,,50000000,,,0.651570625,413462.68168466626
b454effd-b605-4aaa-801c-de5fdae9f0a1,adf80294-13b7-4d9b-a945-8bac6fa29492,2026-05-01T19:05:26+00:00,10,sae-hwans-mbp.pmacs.upenn.edu,Darwin,25.4.0,Darwin Kernel Version 25.4.0: Thu Mar 19 19:26:07 PDT 2026; root:xnu-12377.101.15~1/RELEASE_ARM64_T6031,arm64,Apple M3 Max,16,rust-rayon,numeric,0.665570917,20,,50000000,,,0.651570625,413462.68168466626
b454effd-b605-4aaa-801c-de5fdae9f0a1,adf80294-13b7-4d9b-a945-8bac6fa29492,2026-05-01T19:05:26+00:00,11,sae-hwans-mbp.pmacs.upenn.edu,Darwin,25.4.0,Darwin Kernel Version 25.4.0: Thu Mar 19 19:26:07 PDT 2026; root:xnu-12377.101.15~1/RELEASE_ARM64_T6031,arm64,Apple M3 Max,16,rust-rayon,numeric,0.667420708,20,,50000000,,,0.651570625,413462.68168466626
b454effd-b605-4aaa-801c-de5fdae9f0a1,adf80294-13b7-4d9b-a945-8bac6fa29492,2026-05-01T19:05:26+00:00,12,sae-hwans-mbp.pmacs.upenn.edu,Darwin,25.4.0,Darwin Kernel Version 25.4.0: Thu Mar 19 19:26:07 PDT 2026; root:xnu-12377.101.15~1/RELEASE_ARM64_T6031,arm64,Apple M3 Max,16,rust-rayon,numeric,0.665141167,20,,50000000,,,0.651570625,413462.68168466626
b454effd-b605-4aaa-801c-de5fdae9f0a1,adf80294-13b7-4d9b-a945-8bac6fa29492,2026-05-01T19:05:26+00:00,13,sae-hwans-mbp.pmacs.upenn.edu,Darwin,25.4.0,Darwin Kernel Version 25.4.0: Thu Mar 19 19:26:07 PDT 2026; root:xnu-12377.101.15~1/RELEASE_ARM64_T6031,arm64,Apple M3 Max,16,rust-rayon,numeric,0.661690667,20,,50000000,,,0.651570625,413462.68168466626
b454effd-b605-4aaa-801c-de5fdae9f0a1,adf80294-13b7-4d9b-a945-8bac6fa29492,2026-05-01T19:05:26+00:00,14,sae-hwans-mbp.pmacs.upenn.edu,Darwin,25.4.0,Darwin Kernel Version 25.4.0: Thu Mar 19 19:26:07 PDT 2026; root:xnu-12377.101.15~1/RELEASE_ARM64_T6031,arm64,Apple M3 Max,16,rust-rayon,numeric,0.668058333,20,,50000000,,,0.651570625,413462.68168466626
b454effd-b605-4aaa-801c-de5fdae9f0a1,adf80294-13b7-4d9b-a945-8bac6fa29492,2026-05-01T19:05:26+00:00,15,sae-hwans-mbp.pmacs.upenn.edu,Darwin,25.4.0,Darwin Kernel Version 25.4.0: Thu Mar 19 19:26:07 PDT 2026; root:xnu-12377.101.15~1/RELEASE_ARM64_T6031,arm64,Apple M3 Max,16,rust-rayon,numeric,0.659024458,20,,50000000,,,0.651570625,413462.68168466626
b454effd-b605-4aaa-801c-de5fdae9f0a1,adf80294-13b7-4d9b-a945-8bac6fa29492,2026-05-01T19:05:26+00:00,16,sae-hwans-mbp.pmacs.upenn.edu,Darwin,25.4.0,Darwin Kernel Version 25.4.0: Thu Mar 19 19:26:07 PDT 2026; root:xnu-12377.101.15~1/RELEASE_ARM64_T6031,arm64,Apple M3 Max,16,rust-rayon,numeric,0.664830041,20,,50000000,,,0.651570625,413462.68168466626
b454effd-b605-4aaa-801c-de5fdae9f0a1,adf80294-13b7-4d9b-a945-8bac6fa29492,2026-05-01T19:05:26+00:00,17,sae-hwans-mbp.pmacs.upenn.edu,Darwin,25.4.0,Darwin Kernel Version 25.4.0: Thu Mar 19 19:26:07 PDT 2026; root:xnu-12377.101.15~1/RELEASE_ARM64_T6031,arm64,Apple M3 Max,16,rust-rayon,numeric,0.666826375,20,,50000000,,,0.651570625,413462.68168466626
b454effd-b605-4aaa-801c-de5fdae9f0a1,adf80294-13b7-4d9b-a945-8bac6fa29492,2026-05-01T19:05:26+00:00,18,sae-hwans-mbp.pmacs.upenn.edu,Darwin,25.4.0,Darwin Kernel Version 25.4.0: Thu Mar 19 19:26:07 PDT 2026; root:xnu-12377.101.15~1/RELEASE_ARM64_T6031,arm64,Apple M3 Max,16,rust-rayon,numeric,0.654628042,20,,50000000,,,0.651570625,413462.68168466626
b454effd-b605-4aaa-801c-de5fdae9f0a1,adf80294-13b7-4d9b-a945-8bac6fa29492,2026-05-01T19:05:26+00:00,19,sae-hwans-mbp.pmacs.upenn.edu,Darwin,25.4.0,Darwin Kernel Version 25.4.0: Thu Mar 19 19:26:07 PDT 2026; root:xnu-12377.101.15~1/RELEASE_ARM64_T6031,arm64,Apple M3 Max,16,rust-rayon,numeric,0.662291834,20,,50000000,,,0.651570625,413462.68168466626
b454effd-b605-4aaa-801c-de5fdae9f0a1,adf80294-13b7-4d9b-a945-8bac6fa29492,2026-05-01T19:05:26+00:00,20,sae-hwans-mbp.pmacs.upenn.edu,Darwin,25.4.0,Darwin Kernel Version 25.4.0: Thu Mar 19 19:26:07 PDT 2026; root:xnu-12377.101.15~1/RELEASE_ARM64_T6031,arm64,Apple M3 Max,16,rust-rayon,numeric,0.670637667,20,,50000000,,,0.651570625,413462.68168466626
b454effd-b605-4aaa-801c-de5fdae9f0a1,dfec7dce-b175-4778-89ac-03762ceb2b92,2026-05-01T19:05:28+00:00,1,sae-hwans-mbp.pmacs.upenn.edu,Darwin,25.4.0,Darwin Kernel Version 25.4.0: Thu Mar 19 19:26:07 PDT 2026; root:xnu-12377.101.15~1/RELEASE_ARM64_T6031,arm64,Apple M3 Max,16,python-polars,groupby,0.08089054102310911,20,5000000,,300,,0.06275974999880418,5773024711.1551485
b454effd-b605-4aaa-801c-de5fdae9f0a1,dfec7dce-b175-4778-89ac-03762ceb2b92,2026-05-01T19:05:28+00:00,2,sae-hwans-mbp.pmacs.upenn.edu,Darwin,25.4.0,Darwin Kernel Version 25.4.0: Thu Mar 19 19:26:07 PDT 2026; root:xnu-12377.101.15~1/RELEASE_ARM64_T6031,arm64,Apple M3 Max,16,python-polars,groupby,0.06855470797745511,20,5000000,,300,,0.06275974999880418,5773024711.1551485
b454effd-b605-4aaa-801c-de5fdae9f0a1,dfec7dce-b175-4778-89ac-03762ceb2b92,2026-05-01T19:05:28+00:00,3,sae-hwans-mbp.pmacs.upenn.edu,Darwin,25.4.0,Darwin Kernel Version 25.4.0: Thu Mar 19 19:26:07 PDT 2026; root:xnu-12377.101.15~1/RELEASE_ARM64_T6031,arm64,Apple M3 Max,16,python-polars,groupby,0.0733633330091834,20,5000000,,300,,0.06275974999880418,5773024711.1551485
b454effd-b605-4aaa-801c-de5fdae9f0a1,dfec7dce-b175-4778-89ac-03762ceb2b92,2026-05-01T19:05:28+00:00,4,sae-hwans-mbp.pmacs.upenn.edu,Darwin,25.4.0,Darwin Kernel Version 25.4.0: Thu Mar 19 19:26:07 PDT 2026; root:xnu-12377.101.15~1/RELEASE_ARM64_T6031,arm64,Apple M3 Max,16,python-polars,groupby,0.07343433302594349,20,5000000,,300,,0.06275974999880418,5773024711.1551485
b454effd-b605-4aaa-801c-de5fdae9f0a1,dfec7dce-b175-4778-89ac-03762ceb2b92,2026-05-01T19:05:28+00:00,5,sae-hwans-mbp.pmacs.upenn.edu,Darwin,25.4.0,Darwin Kernel Version 25.4.0: Thu Mar 19 19:26:07 PDT 2026; root:xnu-12377.101.15~1/RELEASE_ARM64_T6031,arm64,Apple M3 Max,16,python-polars,groupby,0.06888612499460578,20,5000000,,300,,0.06275974999880418,5773024711.1551485
b454effd-b605-4aaa-801c-de5fdae9f0a1,dfec7dce-b175-4778-89ac-03762ceb2b92,2026-05-01T19:05:28+00:00,6,sae-hwans-mbp.pmacs.upenn.edu,Darwin,25.4.0,Darwin Kernel Version 25.4.0: Thu Mar 19 19:26:07 PDT 2026; root:xnu-12377.101.15~1/RELEASE_ARM64_T6031,arm64,Apple M3 Max,16,python-polars,groupby,0.06979516701539978,20,5000000,,300,,0.06275974999880418,5773024711.1551485
b454effd-b605-4aaa-801c-de5fdae9f0a1,dfec7dce-b175-4778-89ac-03762ceb2b92,2026-05-01T19:05:28+00:00,7,sae-hwans-mbp.pmacs.upenn.edu,Darwin,25.4.0,Darwin Kernel Version 25.4.0: Thu Mar 19 19:26:07 PDT 2026; root:xnu-12377.101.15~1/RELEASE_ARM64_T6031,arm64,Apple M3 Max,16,python-polars,groupby,0.08101579203503206,20,5000000,,300,,0.06275974999880418,5773024711.1551485
b454effd-b605-4aaa-801c-de5fdae9f0a1,dfec7dce-b175-4778-89ac-03762ceb2b92,2026-05-01T19:05:28+00:00,8,sae-hwans-mbp.pmacs.upenn.edu,Darwin,25.4.0,Darwin Kernel Version 25.4.0: Thu Mar 19 19:26:07 PDT 2026; root:xnu-12377.101.15~1/RELEASE_ARM64_T6031,arm64,Apple M3 Max,16,python-polars,groupby,0.07495779101736844,20,5000000,,300,,0.06275974999880418,5773024711.1551485
b454effd-b605-4aaa-801c-de5fdae9f0a1,dfec7dce-b175-4778-89ac-03762ceb2b92,2026-05-01T19:05:28+00:00,9,sae-hwans-mbp.pmacs.upenn.edu,Darwin,25.4.0,Darwin Kernel Version 25.4.0: Thu Mar 19 19:26:07 PDT 2026; root:xnu-12377.101.15~1/RELEASE_ARM64_T6031,arm64,Apple M3 Max,16,python-polars,groupby,0.07352504198206589,20,5000000,,300,,0.06275974999880418,5773024711.1551485
b454effd-b605-4aaa-801c-de5fdae9f0a1,dfec7dce-b175-4778-89ac-03762ceb2b92,2026-05-01T19:05:28+00:00,10,sae-hwans-mbp.pmacs.upenn.edu,Darwin,25.4.0,Darwin Kernel Version 25.4.0: Thu Mar 19 19:26:07 PDT 2026; root:xnu-12377.101.15~1/RELEASE_ARM64_T6031,arm64,Apple M3 Max,16,python-polars,groupby,0.06475904199760407,20,5000000,,300,,0.06275974999880418,5773024711.1551485
b454effd-b605-4aaa-801c-de5fdae9f0a1,dfec7dce-b175-4778-89ac-03762ceb2b92,2026-05-01T19:05:28+00:00,11,sae-hwans-mbp.pmacs.upenn.edu,Darwin,25.4.0,Darwin Kernel Version 25.4.0: Thu Mar 19 19:26:07 PDT 2026; root:xnu-12377.101.15~1/RELEASE_ARM64_T6031,arm64,Apple M3 Max,16,python-polars,groupby,0.06647600000724196,20,5000000,,300,,0.06275974999880418,5773024711.1551485
b454effd-b605-4aaa-801c-de5fdae9f0a1,dfec7dce-b175-4778-89ac-03762ceb2b92,2026-05-01T19:05:28+00:00,12,sae-hwans-mbp.pmacs.upenn.edu,Darwin,25.4.0,Darwin Kernel Version 25.4.0: Thu Mar 19 19:26:07 PDT 2026; root:xnu-12377.101.15~1/RELEASE_ARM64_T6031,arm64,Apple M3 Max,16,python-polars,groupby,0.06275974999880418,20,5000000,,300,,0.06275974999880418,5773024711.1551485
b454effd-b605-4aaa-801c-de5fdae9f0a1,dfec7dce-b175-4778-89ac-03762ceb2b92,2026-05-01T19:05:28+00:00,13,sae-hwans-mbp.pmacs.upenn.edu,Darwin,25.4.0,Darwin Kernel Version 25.4.0: Thu Mar 19 19:26:07 PDT 2026; root:xnu-12377.101.15~1/RELEASE_ARM64_T6031,arm64,Apple M3 Max,16,python-polars,groupby,0.06891141703817993,20,5000000,,300,,0.06275974999880418,5773024711.1551485
b454effd-b605-4aaa-801c-de5fdae9f0a1,dfec7dce-b175-4778-89ac-03762ceb2b92,2026-05-01T19:05:28+00:00,14,sae-hwans-mbp.pmacs.upenn.edu,Darwin,25.4.0,Darwin Kernel Version 25.4.0: Thu Mar 19 19:26:07 PDT 2026; root:xnu-12377.101.15~1/RELEASE_ARM64_T6031,arm64,Apple M3 Max,16,python-polars,groupby,0.06398658297257498,20,5000000,,300,,0.06275974999880418,5773024711.1551485
b454effd-b605-4aaa-801c-de5fdae9f0a1,dfec7dce-b175-4778-89ac-03762ceb2b92,2026-05-01T19:05:28+00:00,15,sae-hwans-mbp.pmacs.upenn.edu,Darwin,25.4.0,Darwin Kernel Version 25.4.0: Thu Mar 19 19:26:07 PDT 2026; root:xnu-12377.101.15~1/RELEASE_ARM64_T6031,arm64,Apple M3 Max,16,python-polars,groupby,0.06563958298647776,20,5000000,,300,,0.06275974999880418,5773024711.1551485
b454effd-b605-4aaa-801c-de5fdae9f0a1,dfec7dce-b175-4778-89ac-03762ceb2b92,2026-05-01T19:05:28+00:00,16,sae-hwans-mbp.pmacs.upenn.edu,Darwin,25.4.0,Darwin Kernel Version 25.4.0: Thu Mar 19 19:26:07 PDT 2026; root:xnu-12377.101.15~1/RELEASE_ARM64_T6031,arm64,Apple M3 Max,16,python-polars,groupby,0.06832391599891707,20,5000000,,300,,0.06275974999880418,5773024711.1551485
b454effd-b605-4aaa-801c-de5fdae9f0a1,dfec7dce-b175-4778-89ac-03762ceb2b92,2026-05-01T19:05:28+00:00,17,sae-hwans-mbp.pmacs.upenn.edu,Darwin,25.4.0,Darwin Kernel Version 25.4.0: Thu Mar 19 19:26:07 PDT 2026; root:xnu-12377.101.15~1/RELEASE_ARM64_T6031,arm64,Apple M3 Max,16,python-polars,groupby,0.0651545409928076,20,5000000,,300,,0.06275974999880418,5773024711.1551485
b454effd-b605-4aaa-801c-de5fdae9f0a1,dfec7dce-b175-4778-89ac-03762ceb2b92,2026-05-01T19:05:28+00:00,18,sae-hwans-mbp.pmacs.upenn.edu,Darwin,25.4.0,Darwin Kernel Version 25.4.0: Thu Mar 19 19:26:07 PDT 2026; root:xnu-12377.101.15~1/RELEASE_ARM64_T6031,arm64,Apple M3 Max,16,python-polars,groupby,0.06522704201051965,20,5000000,,300,,0.06275974999880418,5773024711.1551485
b454effd-b605-4aaa-801c-de5fdae9f0a1,dfec7dce-b175-4778-89ac-03762ceb2b92,2026-05-01T19:05:28+00:00,19,sae-hwans-mbp.pmacs.upenn.edu,Darwin,25.4.0,Darwin Kernel Version 25.4.0: Thu Mar 19 19:26:07 PDT 2026; root:xnu-12377.101.15~1/RELEASE_ARM64_T6031,arm64,Apple M3 Max,16,python-polars,groupby,0.06500783399678767,20,5000000,,300,,0.06275974999880418,5773024711.1551485
b454effd-b605-4aaa-801c-de5fdae9f0a1,dfec7dce-b175-4778-89ac-03762ceb2b92,2026-05-01T19:05:28+00:00,20,sae-hwans-mbp.pmacs.upenn.edu,Darwin,25.4.0,Darwin Kernel Version 25.4.0: Thu Mar 19 19:26:07 PDT 2026; root:xnu-12377.101.15~1/RELEASE_ARM64_T6031,arm64,Apple M3 Max,16,python-polars,groupby,0.06744983297539875,20,5000000,,300,,0.06275974999880418,5773024711.1551485
b454effd-b605-4aaa-801c-de5fdae9f0a1,3a9e793d-d53b-4430-8bec-612f370419c3,2026-05-01T19:05:35+00:00,1,sae-hwans-mbp.pmacs.upenn.edu,Darwin,25.4.0,Darwin Kernel Version 25.4.0: Thu Mar 19 19:26:07 PDT 2026; root:xnu-12377.101.15~1/RELEASE_ARM64_T6031,arm64,Apple M3 Max,16,rust-polars,groupby,0.313916708,20,5000000,,300,,0.293958292,5773024711.1551485
b454effd-b605-4aaa-801c-de5fdae9f0a1,3a9e793d-d53b-4430-8bec-612f370419c3,2026-05-01T19:05:35+00:00,2,sae-hwans-mbp.pmacs.upenn.edu,Darwin,25.4.0,Darwin Kernel Version 25.4.0: Thu Mar 19 19:26:07 PDT 2026; root:xnu-12377.101.15~1/RELEASE_ARM64_T6031,arm64,Apple M3 Max,16,rust-polars,groupby,0.296754458,20,5000000,,300,,0.293958292,5773024711.1551485
b454effd-b605-4aaa-801c-de5fdae9f0a1,3a9e793d-d53b-4430-8bec-612f370419c3,2026-05-01T19:05:35+00:00,3,sae-hwans-mbp.pmacs.upenn.edu,Darwin,25.4.0,Darwin Kernel Version 25.4.0: Thu Mar 19 19:26:07 PDT 2026; root:xnu-12377.101.15~1/RELEASE_ARM64_T6031,arm64,Apple M3 Max,16,rust-polars,groupby,0.300218542,20,5000000,,300,,0.293958292,5773024711.1551485
b454effd-b605-4aaa-801c-de5fdae9f0a1,3a9e793d-d53b-4430-8bec-612f370419c3,2026-05-01T19:05:35+00:00,4,sae-hwans-mbp.pmacs.upenn.edu,Darwin,25.4.0,Darwin Kernel Version 25.4.0: Thu Mar 19 19:26:07 PDT 2026; root:xnu-12377.101.15~1/RELEASE_ARM64_T6031,arm64,Apple M3 Max,16,rust-polars,groupby,0.299819333,20,5000000,,300,,0.293958292,5773024711.1551485
b454effd-b605-4aaa-801c-de5fdae9f0a1,3a9e793d-d53b-4430-8bec-612f370419c3,2026-05-01T19:05:35+00:00,5,sae-hwans-mbp.pmacs.upenn.edu,Darwin,25.4.0,Darwin Kernel Version 25.4.0: Thu Mar 19 19:26:07 PDT 2026; root:xnu-12377.101.15~1/RELEASE_ARM64_T6031,arm64,Apple M3 Max,16,rust-polars,groupby,0.293958292,20,5000000,,300,,0.293958292,5773024711.1551485
b454effd-b605-4aaa-801c-de5fdae9f0a1,3a9e793d-d53b-4430-8bec-612f370419c3,2026-05-01T19:05:35+00:00,6,sae-hwans-mbp.pmacs.upenn.edu,Darwin,25.4.0,Darwin Kernel Version 25.4.0: Thu Mar 19 19:26:07 PDT 2026; root:xnu-12377.101.15~1/RELEASE_ARM64_T6031,arm64,Apple M3 Max,16,rust-polars,groupby,0.301608708,20,5000000,,300,,0.293958292,5773024711.1551485
b454effd-b605-4aaa-801c-de5fdae9f0a1,3a9e793d-d53b-4430-8bec-612f370419c3,2026-05-01T19:05:35+00:00,7,sae-hwans-mbp.pmacs.upenn.edu,Darwin,25.4.0,Darwin Kernel Version 25.4.0: Thu Mar 19 19:26:07 PDT 2026; root:xnu-12377.101.15~1/RELEASE_ARM64_T6031,arm64,Apple M3 Max,16,rust-polars,groupby,0.305057875,20,5000000,,300,,0.293958292,5773024711.1551485
b454effd-b605-4aaa-801c-de5fdae9f0a1,3a9e793d-d53b-4430-8bec-612f370419c3,2026-05-01T19:05:35+00:00,8,sae-hwans-mbp.pmacs.upenn.edu,Darwin,25.4.0,Darwin Kernel Version 25.4.0: Thu Mar 19 19:26:07 PDT 2026; root:xnu-12377.101.15~1/RELEASE_ARM64_T6031,arm64,Apple M3 Max,16,rust-polars,groupby,0.300937625,20,5000000,,300,,0.293958292,5773024711.1551485
b454effd-b605-4aaa-801c-de5fdae9f0a1,3a9e793d-d53b-4430-8bec-612f370419c3,2026-05-01T19:05:35+00:00,9,sae-hwans-mbp.pmacs.upenn.edu,Darwin,25.4.0,Darwin Kernel Version 25.4.0: Thu Mar 19 19:26:07 PDT 2026; root:xnu-12377.101.15~1/RELEASE_ARM64_T6031,arm64,Apple M3 Max,16,rust-polars,groupby,0.298877958,20,5000000,,300,,0.293958292,5773024711.1551485
b454effd-b605-4aaa-801c-de5fdae9f0a1,3a9e793d-d53b-4430-8bec-612f370419c3,2026-05-01T19:05:35+00:00,10,sae-hwans-mbp.pmacs.upenn.edu,Darwin,25.4.0,Darwin Kernel Version 25.4.0: Thu Mar 19 19:26:07 PDT 2026; root:xnu-12377.101.15~1/RELEASE_ARM64_T6031,arm64,Apple M3 Max,16,rust-polars,groupby,0.300526458,20,5000000,,300,,0.293958292,5773024711.1551485
b454effd-b605-4aaa-801c-de5fdae9f0a1,3a9e793d-d53b-4430-8bec-612f370419c3,2026-05-01T19:05:35+00:00,11,sae-hwans-mbp.pmacs.upenn.edu,Darwin,25.4.0,Darwin Kernel Version 25.4.0: Thu Mar 19 19:26:07 PDT 2026; root:xnu-12377.101.15~1/RELEASE_ARM64_T6031,arm64,Apple M3 Max,16,rust-polars,groupby,0.300700625,20,5000000,,300,,0.293958292,5773024711.1551485
b454effd-b605-4aaa-801c-de5fdae9f0a1,3a9e793d-d53b-4430-8bec-612f370419c3,2026-05-01T19:05:35+00:00,12,sae-hwans-mbp.pmacs.upenn.edu,Darwin,25.4.0,Darwin Kernel Version 25.4.0: Thu Mar 19 19:26:07 PDT 2026; root:xnu-12377.101.15~1/RELEASE_ARM64_T6031,arm64,Apple M3 Max,16,rust-polars,groupby,0.299683375,20,5000000,,300,,0.293958292,5773024711.1551485
b454effd-b605-4aaa-801c-de5fdae9f0a1,3a9e793d-d53b-4430-8bec-612f370419c3,2026-05-01T19:05:35+00:00,13,sae-hwans-mbp.pmacs.upenn.edu,Darwin,25.4.0,Darwin Kernel Version 25.4.0: Thu Mar 19 19:26:07 PDT 2026; root:xnu-12377.101.15~1/RELEASE_ARM64_T6031,arm64,Apple M3 Max,16,rust-polars,groupby,0.302839459,20,5000000,,300,,0.293958292,5773024711.1551485
b454effd-b605-4aaa-801c-de5fdae9f0a1,3a9e793d-d53b-4430-8bec-612f370419c3,2026-05-01T19:05:35+00:00,14,sae-hwans-mbp.pmacs.upenn.edu,Darwin,25.4.0,Darwin Kernel Version 25.4.0: Thu Mar 19 19:26:07 PDT 2026; root:xnu-12377.101.15~1/RELEASE_ARM64_T6031,arm64,Apple M3 Max,16,rust-polars,groupby,0.298043417,20,5000000,,300,,0.293958292,5773024711.1551485
b454effd-b605-4aaa-801c-de5fdae9f0a1,3a9e793d-d53b-4430-8bec-612f370419c3,2026-05-01T19:05:35+00:00,15,sae-hwans-mbp.pmacs.upenn.edu,Darwin,25.4.0,Darwin Kernel Version 25.4.0: Thu Mar 19 19:26:07 PDT 2026; root:xnu-12377.101.15~1/RELEASE_ARM64_T6031,arm64,Apple M3 Max,16,rust-polars,groupby,0.29797175,20,5000000,,300,,0.293958292,5773024711.1551485
b454effd-b605-4aaa-801c-de5fdae9f0a1,3a9e793d-d53b-4430-8bec-612f370419c3,2026-05-01T19:05:35+00:00,16,sae-hwans-mbp.pmacs.upenn.edu,Darwin,25.4.0,Darwin Kernel Version 25.4.0: Thu Mar 19 19:26:07 PDT 2026; root:xnu-12377.101.15~1/RELEASE_ARM64_T6031,arm64,Apple M3 Max,16,rust-polars,groupby,0.296962542,20,5000000,,300,,0.293958292,5773024711.1551485
b454effd-b605-4aaa-801c-de5fdae9f0a1,3a9e793d-d53b-4430-8bec-612f370419c3,2026-05-01T19:05:35+00:00,17,sae-hwans-mbp.pmacs.upenn.edu,Darwin,25.4.0,Darwin Kernel Version 25.4.0: Thu Mar 19 19:26:07 PDT 2026; root:xnu-12377.101.15~1/RELEASE_ARM64_T6031,arm64,Apple M3 Max,16,rust-polars,groupby,0.301341333,20,5000000,,300,,0.293958292,5773024711.1551485
b454effd-b605-4aaa-801c-de5fdae9f0a1,3a9e793d-d53b-4430-8bec-612f370419c3,2026-05-01T19:05:35+00:00,18,sae-hwans-mbp.pmacs.upenn.edu,Darwin,25.4.0,Darwin Kernel Version 25.4.0: Thu Mar 19 19:26:07 PDT 2026; root:xnu-12377.101.15~1/RELEASE_ARM64_T6031,arm64,Apple M3 Max,16,rust-polars,groupby,0.297886917,20,5000000,,300,,0.293958292,5773024711.1551485
b454effd-b605-4aaa-801c-de5fdae9f0a1,3a9e793d-d53b-4430-8bec-612f370419c3,2026-05-01T19:05:35+00:00,19,sae-hwans-mbp.pmacs.upenn.edu,Darwin,25.4.0,Darwin Kernel Version 25.4.0: Thu Mar 19 19:26:07 PDT 2026; root:xnu-12377.101.15~1/RELEASE_ARM64_T6031,arm64,Apple M3 Max,16,rust-polars,groupby,0.298992459,20,5000000,,300,,0.293958292,5773024711.1551485
b454effd-b605-4aaa-801c-de5fdae9f0a1,3a9e793d-d53b-4430-8bec-612f370419c3,2026-05-01T19:05:35+00:00,20,sae-hwans-mbp.pmacs.upenn.edu,Darwin,25.4.0,Darwin Kernel Version 25.4.0: Thu Mar 19 19:26:07 PDT 2026; root:xnu-12377.101.15~1/RELEASE_ARM64_T6031,arm64,Apple M3 Max,16,rust-polars,groupby,0.300344333,20,5000000,,300,,0.293958292,5773024711.1551485
b454effd-b605-4aaa-801c-de5fdae9f0a1,abefe833-312d-4b86-9d91-e57a4302fe74,2026-05-01T19:05:52+00:00,1,sae-hwans-mbp.pmacs.upenn.edu,Darwin,25.4.0,Darwin Kernel Version 25.4.0: Thu Mar 19 19:26:07 PDT 2026; root:xnu-12377.101.15~1/RELEASE_ARM64_T6031,arm64,Apple M3 Max,16,rust-native,groupby,0.745481375,20,5000000,,300,,0.737682166,5773024711.155149
b454effd-b605-4aaa-801c-de5fdae9f0a1,abefe833-312d-4b86-9d91-e57a4302fe74,2026-05-01T19:05:52+00:00,2,sae-hwans-mbp.pmacs.upenn.edu,Darwin,25.4.0,Darwin Kernel Version 25.4.0: Thu Mar 19 19:26:07 PDT 2026; root:xnu-12377.101.15~1/RELEASE_ARM64_T6031,arm64,Apple M3 Max,16,rust-native,groupby,0.741012916,20,5000000,,300,,0.737682166,5773024711.155149
b454effd-b605-4aaa-801c-de5fdae9f0a1,abefe833-312d-4b86-9d91-e57a4302fe74,2026-05-01T19:05:52+00:00,3,sae-hwans-mbp.pmacs.upenn.edu,Darwin,25.4.0,Darwin Kernel Version 25.4.0: Thu Mar 19 19:26:07 PDT 2026; root:xnu-12377.101.15~1/RELEASE_ARM64_T6031,arm64,Apple M3 Max,16,rust-native,groupby,0.737741417,20,5000000,,300,,0.737682166,5773024711.155149
b454effd-b605-4aaa-801c-de5fdae9f0a1,abefe833-312d-4b86-9d91-e57a4302fe74,2026-05-01T19:05:52+00:00,4,sae-hwans-mbp.pmacs.upenn.edu,Darwin,25.4.0,Darwin Kernel Version 25.4.0: Thu Mar 19 19:26:07 PDT 2026; root:xnu-12377.101.15~1/RELEASE_ARM64_T6031,arm64,Apple M3 Max,16,rust-native,groupby,0.73790575,20,5000000,,300,,0.737682166,5773024711.155149
b454effd-b605-4aaa-801c-de5fdae9f0a1,abefe833-312d-4b86-9d91-e57a4302fe74,2026-05-01T19:05:52+00:00,5,sae-hwans-mbp.pmacs.upenn.edu,Darwin,25.4.0,Darwin Kernel Version 25.4.0: Thu Mar 19 19:26:07 PDT 2026; root:xnu-12377.101.15~1/RELEASE_ARM64_T6031,arm64,Apple M3 Max,16,rust-native,groupby,0.746508541,20,5000000,,300,,0.737682166,5773024711.155149
b454effd-b605-4aaa-801c-de5fdae9f0a1,abefe833-312d-4b86-9d91-e57a4302fe74,2026-05-01T19:05:52+00:00,6,sae-hwans-mbp.pmacs.upenn.edu,Darwin,25.4.0,Darwin Kernel Version 25.4.0: Thu Mar 19 19:26:07 PDT 2026; root:xnu-12377.101.15~1/RELEASE_ARM64_T6031,arm64,Apple M3 Max,16,rust-native,groupby,0.747754417,20,5000000,,300,,0.737682166,5773024711.155149
b454effd-b605-4aaa-801c-de5fdae9f0a1,abefe833-312d-4b86-9d91-e57a4302fe74,2026-05-01T19:05:52+00:00,7,sae-hwans-mbp.pmacs.upenn.edu,Darwin,25.4.0,Darwin Kernel Version 25.4.0: Thu Mar 19 19:26:07 PDT 2026; root:xnu-12377.101.15~1/RELEASE_ARM64_T6031,arm64,Apple M3 Max,16,rust-native,groupby,0.739886208,20,5000000,,300,,0.737682166,5773024711.155149
b454effd-b605-4aaa-801c-de5fdae9f0a1,abefe833-312d-4b86-9d91-e57a4302fe74,2026-05-01T19:05:52+00:00,8,sae-hwans-mbp.pmacs.upenn.edu,Darwin,25.4.0,Darwin Kernel Version 25.4.0: Thu Mar 19 19:26:07 PDT 2026; root:xnu-12377.101.15~1/RELEASE_ARM64_T6031,arm64,Apple M3 Max,16,rust-native,groupby,0.741549084,20,5000000,,300,,0.737682166,5773024711.155149
b454effd-b605-4aaa-801c-de5fdae9f0a1,abefe833-312d-4b86-9d91-e57a4302fe74,2026-05-01T19:05:52+00:00,9,sae-hwans-mbp.pmacs.upenn.edu,Darwin,25.4.0,Darwin Kernel Version 25.4.0: Thu Mar 19 19:26:07 PDT 2026; root:xnu-12377.101.15~1/RELEASE_ARM64_T6031,arm64,Apple M3 Max,16,rust-native,groupby,0.745274542,20,5000000,,300,,0.737682166,5773024711.155149
b454effd-b605-4aaa-801c-de5fdae9f0a1,abefe833-312d-4b86-9d91-e57a4302fe74,2026-05-01T19:05:52+00:00,10,sae-hwans-mbp.pmacs.upenn.edu,Darwin,25.4.0,Darwin Kernel Version 25.4.0: Thu Mar 19 19:26:07 PDT 2026; root:xnu-12377.101.15~1/RELEASE_ARM64_T6031,arm64,Apple M3 Max,16,rust-native,groupby,0.746676791,20,5000000,,300,,0.737682166,5773024711.155149
b454effd-b605-4aaa-801c-de5fdae9f0a1,abefe833-312d-4b86-9d91-e57a4302fe74,2026-05-01T19:05:52+00:00,11,sae-hwans-mbp.pmacs.upenn.edu,Darwin,25.4.0,Darwin Kernel Version 25.4.0: Thu Mar 19 19:26:07 PDT 2026; root:xnu-12377.101.15~1/RELEASE_ARM64_T6031,arm64,Apple M3 Max,16,rust-native,groupby,0.747215583,20,5000000,,300,,0.737682166,5773024711.155149
b454effd-b605-4aaa-801c-de5fdae9f0a1,abefe833-312d-4b86-9d91-e57a4302fe74,2026-05-01T19:05:52+00:00,12,sae-hwans-mbp.pmacs.upenn.edu,Darwin,25.4.0,Darwin Kernel Version 25.4.0: Thu Mar 19 19:26:07 PDT 2026; root:xnu-12377.101.15~1/RELEASE_ARM64_T6031,arm64,Apple M3 Max,16,rust-native,groupby,0.7418905,20,5000000,,300,,0.737682166,5773024711.155149
b454effd-b605-4aaa-801c-de5fdae9f0a1,abefe833-312d-4b86-9d91-e57a4302fe74,2026-05-01T19:05:52+00:00,13,sae-hwans-mbp.pmacs.upenn.edu,Darwin,25.4.0,Darwin Kernel Version 25.4.0: Thu Mar 19 19:26:07 PDT 2026; root:xnu-12377.101.15~1/RELEASE_ARM64_T6031,arm64,Apple M3 Max,16,rust-native,groupby,0.744762208,20,5000000,,300,,0.737682166,5773024711.155149
b454effd-b605-4aaa-801c-de5fdae9f0a1,abefe833-312d-4b86-9d91-e57a4302fe74,2026-05-01T19:05:52+00:00,14,sae-hwans-mbp.pmacs.upenn.edu,Darwin,25.4.0,Darwin Kernel Version 25.4.0: Thu Mar 19 19:26:07 PDT 2026; root:xnu-12377.101.15~1/RELEASE_ARM64_T6031,arm64,Apple M3 Max,16,rust-native,groupby,0.745219541,20,5000000,,300,,0.737682166,5773024711.155149
b454effd-b605-4aaa-801c-de5fdae9f0a1,abefe833-312d-4b86-9d91-e57a4302fe74,2026-05-01T19:05:52+00:00,15,sae-hwans-mbp.pmacs.upenn.edu,Darwin,25.4.0,Darwin Kernel Version 25.4.0: Thu Mar 19 19:26:07 PDT 2026; root:xnu-12377.101.15~1/RELEASE_ARM64_T6031,arm64,Apple M3 Max,16,rust-native,groupby,0.745194792,20,5000000,,300,,0.737682166,5773024711.155149
b454effd-b605-4aaa-801c-de5fdae9f0a1,abefe833-312d-4b86-9d91-e57a4302fe74,2026-05-01T19:05:52+00:00,16,sae-hwans-mbp.pmacs.upenn.edu,Darwin,25.4.0,Darwin Kernel Version 25.4.0: Thu Mar 19 19:26:07 PDT 2026; root:xnu-12377.101.15~1/RELEASE_ARM64_T6031,arm64,Apple M3 Max,16,rust-native,groupby,0.740626958,20,5000000,,300,,0.737682166,5773024711.155149
b454effd-b605-4aaa-801c-de5fdae9f0a1,abefe833-312d-4b86-9d91-e57a4302fe74,2026-05-01T19:05:52+00:00,17,sae-hwans-mbp.pmacs.upenn.edu,Darwin,25.4.0,Darwin Kernel Version 25.4.0: Thu Mar 19 19:26:07 PDT 2026; root:xnu-12377.101.15~1/RELEASE_ARM64_T6031,arm64,Apple M3 Max,16,rust-native,groupby,0.74589525,20,5000000,,300,,0.737682166,5773024711.155149
b454effd-b605-4aaa-801c-de5fdae9f0a1,abefe833-312d-4b86-9d91-e57a4302fe74,2026-05-01T19:05:52+00:00,18,sae-hwans-mbp.pmacs.upenn.edu,Darwin,25.4.0,Darwin Kernel Version 25.4.0: Thu Mar 19 19:26:07 PDT 2026; root:xnu-12377.101.15~1/RELEASE_ARM64_T6031,arm64,Apple M3 Max,16,rust-native,groupby,0.745958542,20,5000000,,300,,0.737682166,5773024711.155149
b454effd-b605-4aaa-801c-de5fdae9f0a1,abefe833-312d-4b86-9d91-e57a4302fe74,2026-05-01T19:05:52+00:00,19,sae-hwans-mbp.pmacs.upenn.edu,Darwin,25.4.0,Darwin Kernel Version 25.4.0: Thu Mar 19 19:26:07 PDT 2026; root:xnu-12377.101.15~1/RELEASE_ARM64_T6031,arm64,Apple M3 Max,16,rust-native,groupby,0.737682166,20,5000000,,300,,0.737682166,5773024711.155149
b454effd-b605-4aaa-801c-de5fdae9f0a1,abefe833-312d-4b86-9d91-e57a4302fe74,2026-05-01T19:05:52+00:00,20,sae-hwans-mbp.pmacs.upenn.edu,Darwin,25.4.0,Darwin Kernel Version 25.4.0: Thu Mar 19 19:26:07 PDT 2026; root:xnu-12377.101.15~1/RELEASE_ARM64_T6031,arm64,Apple M3 Max,16,rust-native,groupby,0.748431083,20,5000000,,300,,0.737682166,5773024711.155149
b454effd-b605-4aaa-801c-de5fdae9f0a1,7bac0063-91f4-41d1-8398-406f24c783c8,2026-05-01T19:05:55+00:00,1,sae-hwans-mbp.pmacs.upenn.edu,Darwin,25.4.0,Darwin Kernel Version 25.4.0: Thu Mar 19 19:26:07 PDT 2026; root:xnu-12377.101.15~1/RELEASE_ARM64_T6031,arm64,Apple M3 Max,16,python-polars,join,0.12294891598867252,20,5000000,,300,,0.11341137503040954,6347441877.577759
b454effd-b605-4aaa-801c-de5fdae9f0a1,7bac0063-91f4-41d1-8398-406f24c783c8,2026-05-01T19:05:55+00:00,2,sae-hwans-mbp.pmacs.upenn.edu,Darwin,25.4.0,Darwin Kernel Version 25.4.0: Thu Mar 19 19:26:07 PDT 2026; root:xnu-12377.101.15~1/RELEASE_ARM64_T6031,arm64,Apple M3 Max,16,python-polars,join,0.12802379200002179,20,5000000,,300,,0.11341137503040954,6347441877.577759
b454effd-b605-4aaa-801c-de5fdae9f0a1,7bac0063-91f4-41d1-8398-406f24c783c8,2026-05-01T19:05:55+00:00,3,sae-hwans-mbp.pmacs.upenn.edu,Darwin,25.4.0,Darwin Kernel Version 25.4.0: Thu Mar 19 19:26:07 PDT 2026; root:xnu-12377.101.15~1/RELEASE_ARM64_T6031,arm64,Apple M3 Max,16,python-polars,join,0.11697562498738989,20,5000000,,300,,0.11341137503040954,6347441877.577759
b454effd-b605-4aaa-801c-de5fdae9f0a1,7bac0063-91f4-41d1-8398-406f24c783c8,2026-05-01T19:05:55+00:00,4,sae-hwans-mbp.pmacs.upenn.edu,Darwin,25.4.0,Darwin Kernel Version 25.4.0: Thu Mar 19 19:26:07 PDT 2026; root:xnu-12377.101.15~1/RELEASE_ARM64_T6031,arm64,Apple M3 Max,16,python-polars,join,0.12289454095298424,20,5000000,,300,,0.11341137503040954,6347441877.577759
b454effd-b605-4aaa-801c-de5fdae9f0a1,7bac0063-91f4-41d1-8398-406f24c783c8,2026-05-01T19:05:55+00:00,5,sae-hwans-mbp.pmacs.upenn.edu,Darwin,25.4.0,Darwin Kernel Version 25.4.0: Thu Mar 19 19:26:07 PDT 2026; root:xnu-12377.101.15~1/RELEASE_ARM64_T6031,arm64,Apple M3 Max,16,python-polars,join,0.12757491698721424,20,5000000,,300,,0.11341137503040954,6347441877.577759
b454effd-b605-4aaa-801c-de5fdae9f0a1,7bac0063-91f4-41d1-8398-406f24c783c8,2026-05-01T19:05:55+00:00,6,sae-hwans-mbp.pmacs.upenn.edu,Darwin,25.4.0,Darwin Kernel Version 25.4.0: Thu Mar 19 19:26:07 PDT 2026; root:xnu-12377.101.15~1/RELEASE_ARM64_T6031,arm64,Apple M3 Max,16,python-polars,join,0.12971558299614117,20,5000000,,300,,0.11341137503040954,6347441877.577759
b454effd-b605-4aaa-801c-de5fdae9f0a1,7bac0063-91f4-41d1-8398-406f24c783c8,2026-05-01T19:05:55+00:00,7,sae-hwans-mbp.pmacs.upenn.edu,Darwin,25.4.0,Darwin Kernel Version 25.4.0: Thu Mar 19 19:26:07 PDT 2026; root:xnu-12377.101.15~1/RELEASE_ARM64_T6031,arm64,Apple M3 Max,16,python-polars,join,0.131816458015237,20,5000000,,300,,0.11341137503040954,6347441877.577759
b454effd-b605-4aaa-801c-de5fdae9f0a1,7bac0063-91f4-41d1-8398-406f24c783c8,2026-05-01T19:05:55+00:00,8,sae-hwans-mbp.pmacs.upenn.edu,Darwin,25.4.0,Darwin Kernel Version 25.4.0: Thu Mar 19 19:26:07 PDT 2026; root:xnu-12377.101.15~1/RELEASE_ARM64_T6031,arm64,Apple M3 Max,16,python-polars,join,0.12462295801378787,20,5000000,,300,,0.11341137503040954,6347441877.577759
b454effd-b605-4aaa-801c-de5fdae9f0a1,7bac0063-91f4-41d1-8398-406f24c783c8,2026-05-01T19:05:55+00:00,9,sae-hwans-mbp.pmacs.upenn.edu,Darwin,25.4.0,Darwin Kernel Version 25.4.0: Thu Mar 19 19:26:07 PDT 2026; root:xnu-12377.101.15~1/RELEASE_ARM64_T6031,arm64,Apple M3 Max,16,python-polars,join,0.12825795798562467,20,5000000,,300,,0.11341137503040954,6347441877.577759
b454effd-b605-4aaa-801c-de5fdae9f0a1,7bac0063-91f4-41d1-8398-406f24c783c8,2026-05-01T19:05:55+00:00,10,sae-hwans-mbp.pmacs.upenn.edu,Darwin,25.4.0,Darwin Kernel Version 25.4.0: Thu Mar 19 19:26:07 PDT 2026; root:xnu-12377.101.15~1/RELEASE_ARM64_T6031,arm64,Apple M3 Max,16,python-polars,join,0.12723691703286022,20,5000000,,300,,0.11341137503040954,6347441877.577759
b454effd-b605-4aaa-801c-de5fdae9f0a1,7bac0063-91f4-41d1-8398-406f24c783c8,2026-05-01T19:05:55+00:00,11,sae-hwans-mbp.pmacs.upenn.edu,Darwin,25.4.0,Darwin Kernel Version 25.4.0: Thu Mar 19 19:26:07 PDT 2026; root:xnu-12377.101.15~1/RELEASE_ARM64_T6031,arm64,Apple M3 Max,16,python-polars,join,0.12390358297852799,20,5000000,,300,,0.11341137503040954,6347441877.577759
b454effd-b605-4aaa-801c-de5fdae9f0a1,7bac0063-91f4-41d1-8398-406f24c783c8,2026-05-01T19:05:55+00:00,12,sae-hwans-mbp.pmacs.upenn.edu,Darwin,25.4.0,Darwin Kernel Version 25.4.0: Thu Mar 19 19:26:07 PDT 2026; root:xnu-12377.101.15~1/RELEASE_ARM64_T6031,arm64,Apple M3 Max,16,python-polars,join,0.1282484580297023,20,5000000,,300,,0.11341137503040954,6347441877.577759
b454effd-b605-4aaa-801c-de5fdae9f0a1,7bac0063-91f4-41d1-8398-406f24c783c8,2026-05-01T19:05:55+00:00,13,sae-hwans-mbp.pmacs.upenn.edu,Darwin,25.4.0,Darwin Kernel Version 25.4.0: Thu Mar 19 19:26:07 PDT 2026; root:xnu-12377.101.15~1/RELEASE_ARM64_T6031,arm64,Apple M3 Max,16,python-polars,join,0.12382779101608321,20,5000000,,300,,0.11341137503040954,6347441877.577759
b454effd-b605-4aaa-801c-de5fdae9f0a1,7bac0063-91f4-41d1-8398-406f24c783c8,2026-05-01T19:05:55+00:00,14,sae-hwans-mbp.pmacs.upenn.edu,Darwin,25.4.0,Darwin Kernel Version 25.4.0: Thu Mar 19 19:26:07 PDT 2026; root:xnu-12377.101.15~1/RELEASE_ARM64_T6031,arm64,Apple M3 Max,16,python-polars,join,0.12419125001179054,20,5000000,,300,,0.11341137503040954,6347441877.577759
b454effd-b605-4aaa-801c-de5fdae9f0a1,7bac0063-91f4-41d1-8398-406f24c783c8,2026-05-01T19:05:55+00:00,15,sae-hwans-mbp.pmacs.upenn.edu,Darwin,25.4.0,Darwin Kernel Version 25.4.0: Thu Mar 19 19:26:07 PDT 2026; root:xnu-12377.101.15~1/RELEASE_ARM64_T6031,arm64,Apple M3 Max,16,python-polars,join,0.11341137503040954,20,5000000,,300,,0.11341137503040954,6347441877.577759
b454effd-b605-4aaa-801c-de5fdae9f0a1,7bac0063-91f4-41d1-8398-406f24c783c8,2026-05-01T19:05:55+00:00,16,sae-hwans-mbp.pmacs.upenn.edu,Darwin,25.4.0,Darwin Kernel Version 25.4.0: Thu Mar 19 19:26:07 PDT 2026; root:xnu-12377.101.15~1/RELEASE_ARM64_T6031,arm64,Apple M3 Max,16,python-polars,join,0.12131791701540351,20,5000000,,300,,0.11341137503040954,6347441877.577759
b454effd-b605-4aaa-801c-de5fdae9f0a1,7bac0063-91f4-41d1-8398-406f24c783c8,2026-05-01T19:05:55+00:00,17,sae-hwans-mbp.pmacs.upenn.edu,Darwin,25.4.0,Darwin Kernel Version 25.4.0: Thu Mar 19 19:26:07 PDT 2026; root:xnu-12377.101.15~1/RELEASE_ARM64_T6031,arm64,Apple M3 Max,16,python-polars,join,0.11854575003962964,20,5000000,,300,,0.11341137503040954,6347441877.577759
b454effd-b605-4aaa-801c-de5fdae9f0a1,7bac0063-91f4-41d1-8398-406f24c783c8,2026-05-01T19:05:55+00:00,18,sae-hwans-mbp.pmacs.upenn.edu,Darwin,25.4.0,Darwin Kernel Version 25.4.0: Thu Mar 19 19:26:07 PDT 2026; root:xnu-12377.101.15~1/RELEASE_ARM64_T6031,arm64,Apple M3 Max,16,python-polars,join,0.11942699999781325,20,5000000,,300,,0.11341137503040954,6347441877.577759
b454effd-b605-4aaa-801c-de5fdae9f0a1,7bac0063-91f4-41d1-8398-406f24c783c8,2026-05-01T19:05:55+00:00,19,sae-hwans-mbp.pmacs.upenn.edu,Darwin,25.4.0,Darwin Kernel Version 25.4.0: Thu Mar 19 19:26:07 PDT 2026; root:xnu-12377.101.15~1/RELEASE_ARM64_T6031,arm64,Apple M3 Max,16,python-polars,join,0.12755574996117502,20,5000000,,300,,0.11341137503040954,6347441877.577759
b454effd-b605-4aaa-801c-de5fdae9f0a1,7bac0063-91f4-41d1-8398-406f24c783c8,2026-05-01T19:05:55+00:00,20,sae-hwans-mbp.pmacs.upenn.edu,Darwin,25.4.0,Darwin Kernel Version 25.4.0: Thu Mar 19 19:26:07 PDT 2026; root:xnu-12377.101.15~1/RELEASE_ARM64_T6031,arm64,Apple M3 Max,16,python-polars,join,0.12320454203290865,20,5000000,,300,,0.11341137503040954,6347441877.577759
b454effd-b605-4aaa-801c-de5fdae9f0a1,501a5836-6fd3-4476-8849-e45b6b3a659d,2026-05-01T19:06:03+00:00,1,sae-hwans-mbp.pmacs.upenn.edu,Darwin,25.4.0,Darwin Kernel Version 25.4.0: Thu Mar 19 19:26:07 PDT 2026; root:xnu-12377.101.15~1/RELEASE_ARM64_T6031,arm64,Apple M3 Max,16,rust-polars,join,0.3558215,20,5000000,,300,,0.344683041,6347441877.577758
b454effd-b605-4aaa-801c-de5fdae9f0a1,501a5836-6fd3-4476-8849-e45b6b3a659d,2026-05-01T19:06:03+00:00,2,sae-hwans-mbp.pmacs.upenn.edu,Darwin,25.4.0,Darwin Kernel Version 25.4.0: Thu Mar 19 19:26:07 PDT 2026; root:xnu-12377.101.15~1/RELEASE_ARM64_T6031,arm64,Apple M3 Max,16,rust-polars,join,0.350897417,20,5000000,,300,,0.344683041,6347441877.577758
b454effd-b605-4aaa-801c-de5fdae9f0a1,501a5836-6fd3-4476-8849-e45b6b3a659d,2026-05-01T19:06:03+00:00,3,sae-hwans-mbp.pmacs.upenn.edu,Darwin,25.4.0,Darwin Kernel Version 25.4.0: Thu Mar 19 19:26:07 PDT 2026; root:xnu-12377.101.15~1/RELEASE_ARM64_T6031,arm64,Apple M3 Max,16,rust-polars,join,0.350669542,20,5000000,,300,,0.344683041,6347441877.577758
b454effd-b605-4aaa-801c-de5fdae9f0a1,501a5836-6fd3-4476-8849-e45b6b3a659d,2026-05-01T19:06:03+00:00,4,sae-hwans-mbp.pmacs.upenn.edu,Darwin,25.4.0,Darwin Kernel Version 25.4.0: Thu Mar 19 19:26:07 PDT 2026; root:xnu-12377.101.15~1/RELEASE_ARM64_T6031,arm64,Apple M3 Max,16,rust-polars,join,0.349932084,20,5000000,,300,,0.344683041,6347441877.577758
b454effd-b605-4aaa-801c-de5fdae9f0a1,501a5836-6fd3-4476-8849-e45b6b3a659d,2026-05-01T19:06:03+00:00,5,sae-hwans-mbp.pmacs.upenn.edu,Darwin,25.4.0,Darwin Kernel Version 25.4.0: Thu Mar 19 19:26:07 PDT 2026; root:xnu-12377.101.15~1/RELEASE_ARM64_T6031,arm64,Apple M3 Max,16,rust-polars,join,0.351339958,20,5000000,,300,,0.344683041,6347441877.577758
b454effd-b605-4aaa-801c-de5fdae9f0a1,501a5836-6fd3-4476-8849-e45b6b3a659d,2026-05-01T19:06:03+00:00,6,sae-hwans-mbp.pmacs.upenn.edu,Darwin,25.4.0,Darwin Kernel Version 25.4.0: Thu Mar 19 19:26:07 PDT 2026; root:xnu-12377.101.15~1/RELEASE_ARM64_T6031,arm64,Apple M3 Max,16,rust-polars,join,0.357985459,20,5000000,,300,,0.344683041,6347441877.577758
b454effd-b605-4aaa-801c-de5fdae9f0a1,501a5836-6fd3-4476-8849-e45b6b3a659d,2026-05-01T19:06:03+00:00,7,sae-hwans-mbp.pmacs.upenn.edu,Darwin,25.4.0,Darwin Kernel Version 25.4.0: Thu Mar 19 19:26:07 PDT 2026; root:xnu-12377.101.15~1/RELEASE_ARM64_T6031,arm64,Apple M3 Max,16,rust-polars,join,0.351877291,20,5000000,,300,,0.344683041,6347441877.577758
b454effd-b605-4aaa-801c-de5fdae9f0a1,501a5836-6fd3-4476-8849-e45b6b3a659d,2026-05-01T19:06:03+00:00,8,sae-hwans-mbp.pmacs.upenn.edu,Darwin,25.4.0,Darwin Kernel Version 25.4.0: Thu Mar 19 19:26:07 PDT 2026; root:xnu-12377.101.15~1/RELEASE_ARM64_T6031,arm64,Apple M3 Max,16,rust-polars,join,0.34744775,20,5000000,,300,,0.344683041,6347441877.577758
b454effd-b605-4aaa-801c-de5fdae9f0a1,501a5836-6fd3-4476-8849-e45b6b3a659d,2026-05-01T19:06:03+00:00,9,sae-hwans-mbp.pmacs.upenn.edu,Darwin,25.4.0,Darwin Kernel Version 25.4.0: Thu Mar 19 19:26:07 PDT 2026; root:xnu-12377.101.15~1/RELEASE_ARM64_T6031,arm64,Apple M3 Max,16,rust-polars,join,0.352520583,20,5000000,,300,,0.344683041,6347441877.577758
b454effd-b605-4aaa-801c-de5fdae9f0a1,501a5836-6fd3-4476-8849-e45b6b3a659d,2026-05-01T19:06:03+00:00,10,sae-hwans-mbp.pmacs.upenn.edu,Darwin,25.4.0,Darwin Kernel Version 25.4.0: Thu Mar 19 19:26:07 PDT 2026; root:xnu-12377.101.15~1/RELEASE_ARM64_T6031,arm64,Apple M3 Max,16,rust-polars,join,0.344683041,20,5000000,,300,,0.344683041,6347441877.577758
b454effd-b605-4aaa-801c-de5fdae9f0a1,501a5836-6fd3-4476-8849-e45b6b3a659d,2026-05-01T19:06:03+00:00,11,sae-hwans-mbp.pmacs.upenn.edu,Darwin,25.4.0,Darwin Kernel Version 25.4.0: Thu Mar 19 19:26:07 PDT 2026; root:xnu-12377.101.15~1/RELEASE_ARM64_T6031,arm64,Apple M3 Max,16,rust-polars,join,0.353295125,20,5000000,,300,,0.344683041,6347441877.577758
b454effd-b605-4aaa-801c-de5fdae9f0a1,501a5836-6fd3-4476-8849-e45b6b3a659d,2026-05-01T19:06:03+00:00,12,sae-hwans-mbp.pmacs.upenn.edu,Darwin,25.4.0,Darwin Kernel Version 25.4.0: Thu Mar 19 19:26:07 PDT 2026; root:xnu-12377.101.15~1/RELEASE_ARM64_T6031,arm64,Apple M3 Max,16,rust-polars,join,0.353153292,20,5000000,,300,,0.344683041,6347441877.577758
b454effd-b605-4aaa-801c-de5fdae9f0a1,501a5836-6fd3-4476-8849-e45b6b3a659d,2026-05-01T19:06:03+00:00,13,sae-hwans-mbp.pmacs.upenn.edu,Darwin,25.4.0,Darwin Kernel Version 25.4.0: Thu Mar 19 19:26:07 PDT 2026; root:xnu-12377.101.15~1/RELEASE_ARM64_T6031,arm64,Apple M3 Max,16,rust-polars,join,0.349877333,20,5000000,,300,,0.344683041,6347441877.577758
b454effd-b605-4aaa-801c-de5fdae9f0a1,501a5836-6fd3-4476-8849-e45b6b3a659d,2026-05-01T19:06:03+00:00,14,sae-hwans-mbp.pmacs.upenn.edu,Darwin,25.4.0,Darwin Kernel Version 25.4.0: Thu Mar 19 19:26:07 PDT 2026; root:xnu-12377.101.15~1/RELEASE_ARM64_T6031,arm64,Apple M3 Max,16,rust-polars,join,0.352022875,20,5000000,,300,,0.344683041,6347441877.577758
b454effd-b605-4aaa-801c-de5fdae9f0a1,501a5836-6fd3-4476-8849-e45b6b3a659d,2026-05-01T19:06:03+00:00,15,sae-hwans-mbp.pmacs.upenn.edu,Darwin,25.4.0,Darwin Kernel Version 25.4.0: Thu Mar 19 19:26:07 PDT 2026; root:xnu-12377.101.15~1/RELEASE_ARM64_T6031,arm64,Apple M3 Max,16,rust-polars,join,0.357800542,20,5000000,,300,,0.344683041,6347441877.577758
b454effd-b605-4aaa-801c-de5fdae9f0a1,501a5836-6fd3-4476-8849-e45b6b3a659d,2026-05-01T19:06:03+00:00,16,sae-hwans-mbp.pmacs.upenn.edu,Darwin,25.4.0,Darwin Kernel Version 25.4.0: Thu Mar 19 19:26:07 PDT 2026; root:xnu-12377.101.15~1/RELEASE_ARM64_T6031,arm64,Apple M3 Max,16,rust-polars,join,0.348957541,20,5000000,,300,,0.344683041,6347441877.577758
b454effd-b605-4aaa-801c-de5fdae9f0a1,501a5836-6fd3-4476-8849-e45b6b3a659d,2026-05-01T19:06:03+00:00,17,sae-hwans-mbp.pmacs.upenn.edu,Darwin,25.4.0,Darwin Kernel Version 25.4.0: Thu Mar 19 19:26:07 PDT 2026; root:xnu-12377.101.15~1/RELEASE_ARM64_T6031,arm64,Apple M3 Max,16,rust-polars,join,0.353614916,20,5000000,,300,,0.344683041,6347441877.577758
b454effd-b605-4aaa-801c-de5fdae9f0a1,501a5836-6fd3-4476-8849-e45b6b3a659d,2026-05-01T19:06:03+00:00,18,sae-hwans-mbp.pmacs.upenn.edu,Darwin,25.4.0,Darwin Kernel Version 25.4.0: Thu Mar 19 19:26:07 PDT 2026; root:xnu-12377.101.15~1/RELEASE_ARM64_T6031,arm64,Apple M3 Max,16,rust-polars,join,0.352556166,20,5000000,,300,,0.344683041,6347441877.577758
b454effd-b605-4aaa-801c-de5fdae9f0a1,501a5836-6fd3-4476-8849-e45b6b3a659d,2026-05-01T19:06:03+00:00,19,sae-hwans-mbp.pmacs.upenn.edu,Darwin,25.4.0,Darwin Kernel Version 25.4.0: Thu Mar 19 19:26:07 PDT 2026; root:xnu-12377.101.15~1/RELEASE_ARM64_T6031,arm64,Apple M3 Max,16,rust-polars,join,0.349914625,20,5000000,,300,,0.344683041,6347441877.577758
b454effd-b605-4aaa-801c-de5fdae9f0a1,501a5836-6fd3-4476-8849-e45b6b3a659d,2026-05-01T19:06:03+00:00,20,sae-hwans-mbp.pmacs.upenn.edu,Darwin,25.4.0,Darwin Kernel Version 25.4.0: Thu Mar 19 19:26:07 PDT 2026; root:xnu-12377.101.15~1/RELEASE_ARM64_T6031,arm64,Apple M3 Max,16,rust-polars,join,0.359992708,20,5000000,,300,,0.344683041,6347441877.577758
b454effd-b605-4aaa-801c-de5fdae9f0a1,7d4ed3d6-3f0f-4adb-a87f-2c705c4a7554,2026-05-01T19:06:24+00:00,1,sae-hwans-mbp.pmacs.upenn.edu,Darwin,25.4.0,Darwin Kernel Version 25.4.0: Thu Mar 19 19:26:07 PDT 2026; root:xnu-12377.101.15~1/RELEASE_ARM64_T6031,arm64,Apple M3 Max,16,rust-native,join,0.933956917,20,5000000,,300,,0.930652,6347441877.577757
b454effd-b605-4aaa-801c-de5fdae9f0a1,7d4ed3d6-3f0f-4adb-a87f-2c705c4a7554,2026-05-01T19:06:24+00:00,2,sae-hwans-mbp.pmacs.upenn.edu,Darwin,25.4.0,Darwin Kernel Version 25.4.0: Thu Mar 19 19:26:07 PDT 2026; root:xnu-12377.101.15~1/RELEASE_ARM64_T6031,arm64,Apple M3 Max,16,rust-native,join,0.930652,20,5000000,,300,,0.930652,6347441877.577757
b454effd-b605-4aaa-801c-de5fdae9f0a1,7d4ed3d6-3f0f-4adb-a87f-2c705c4a7554,2026-05-01T19:06:24+00:00,3,sae-hwans-mbp.pmacs.upenn.edu,Darwin,25.4.0,Darwin Kernel Version 25.4.0: Thu Mar 19 19:26:07 PDT 2026; root:xnu-12377.101.15~1/RELEASE_ARM64_T6031,arm64,Apple M3 Max,16,rust-native,join,0.940735291,20,5000000,,300,,0.930652,6347441877.577757
b454effd-b605-4aaa-801c-de5fdae9f0a1,7d4ed3d6-3f0f-4adb-a87f-2c705c4a7554,2026-05-01T19:06:24+00:00,4,sae-hwans-mbp.pmacs.upenn.edu,Darwin,25.4.0,Darwin Kernel Version 25.4.0: Thu Mar 19 19:26:07 PDT 2026; root:xnu-12377.101.15~1/RELEASE_ARM64_T6031,arm64,Apple M3 Max,16,rust-native,join,0.942283417,20,5000000,,300,,0.930652,6347441877.577757
b454effd-b605-4aaa-801c-de5fdae9f0a1,7d4ed3d6-3f0f-4adb-a87f-2c705c4a7554,2026-05-01T19:06:24+00:00,5,sae-hwans-mbp.pmacs.upenn.edu,Darwin,25.4.0,Darwin Kernel Version 25.4.0: Thu Mar 19 19:26:07 PDT 2026; root:xnu-12377.101.15~1/RELEASE_ARM64_T6031,arm64,Apple M3 Max,16,rust-native,join,0.944244875,20,5000000,,300,,0.930652,6347441877.577757
b454effd-b605-4aaa-801c-de5fdae9f0a1,7d4ed3d6-3f0f-4adb-a87f-2c705c4a7554,2026-05-01T19:06:24+00:00,6,sae-hwans-mbp.pmacs.upenn.edu,Darwin,25.4.0,Darwin Kernel Version 25.4.0: Thu Mar 19 19:26:07 PDT 2026; root:xnu-12377.101.15~1/RELEASE_ARM64_T6031,arm64,Apple M3 Max,16,rust-native,join,0.935066084,20,5000000,,300,,0.930652,6347441877.577757
b454effd-b605-4aaa-801c-de5fdae9f0a1,7d4ed3d6-3f0f-4adb-a87f-2c705c4a7554,2026-05-01T19:06:24+00:00,7,sae-hwans-mbp.pmacs.upenn.edu,Darwin,25.4.0,Darwin Kernel Version 25.4.0: Thu Mar 19 19:26:07 PDT 2026; root:xnu-12377.101.15~1/RELEASE_ARM64_T6031,arm64,Apple M3 Max,16,rust-native,join,0.942453167,20,5000000,,300,,0.930652,6347441877.577757
b454effd-b605-4aaa-801c-de5fdae9f0a1,7d4ed3d6-3f0f-4adb-a87f-2c705c4a7554,2026-05-01T19:06:24+00:00,8,sae-hwans-mbp.pmacs.upenn.edu,Darwin,25.4.0,Darwin Kernel Version 25.4.0: Thu Mar 19 19:26:07 PDT 2026; root:xnu-12377.101.15~1/RELEASE_ARM64_T6031,arm64,Apple M3 Max,16,rust-native,join,0.942478875,20,5000000,,300,,0.930652,6347441877.577757
b454effd-b605-4aaa-801c-de5fdae9f0a1,7d4ed3d6-3f0f-4adb-a87f-2c705c4a7554,2026-05-01T19:06:24+00:00,9,sae-hwans-mbp.pmacs.upenn.edu,Darwin,25.4.0,Darwin Kernel Version 25.4.0: Thu Mar 19 19:26:07 PDT 2026; root:xnu-12377.101.15~1/RELEASE_ARM64_T6031,arm64,Apple M3 Max,16,rust-native,join,0.934794542,20,5000000,,300,,0.930652,6347441877.577757
b454effd-b605-4aaa-801c-de5fdae9f0a1,7d4ed3d6-3f0f-4adb-a87f-2c705c4a7554,2026-05-01T19:06:24+00:00,10,sae-hwans-mbp.pmacs.upenn.edu,Darwin,25.4.0,Darwin Kernel Version 25.4.0: Thu Mar 19 19:26:07 PDT 2026; root:xnu-12377.101.15~1/RELEASE_ARM64_T6031,arm64,Apple M3 Max,16,rust-native,join,0.950025,20,5000000,,300,,0.930652,6347441877.577757
b454effd-b605-4aaa-801c-de5fdae9f0a1,7d4ed3d6-3f0f-4adb-a87f-2c705c4a7554,2026-05-01T19:06:24+00:00,11,sae-hwans-mbp.pmacs.upenn.edu,Darwin,25.4.0,Darwin Kernel Version 25.4.0: Thu Mar 19 19:26:07 PDT 2026; root:xnu-12377.101.15~1/RELEASE_ARM64_T6031,arm64,Apple M3 Max,16,rust-native,join,0.946314625,20,5000000,,300,,0.930652,6347441877.577757
b454effd-b605-4aaa-801c-de5fdae9f0a1,7d4ed3d6-3f0f-4adb-a87f-2c705c4a7554,2026-05-01T19:06:24+00:00,12,sae-hwans-mbp.pmacs.upenn.edu,Darwin,25.4.0,Darwin Kernel Version 25.4.0: Thu Mar 19 19:26:07 PDT 2026; root:xnu-12377.101.15~1/RELEASE_ARM64_T6031,arm64,Apple M3 Max,16,rust-native,join,0.946550959,20,5000000,,300,,0.930652,6347441877.577757
b454effd-b605-4aaa-801c-de5fdae9f0a1,7d4ed3d6-3f0f-4adb-a87f-2c705c4a7554,2026-05-01T19:06:24+00:00,13,sae-hwans-mbp.pmacs.upenn.edu,Darwin,25.4.0,Darwin Kernel Version 25.4.0: Thu Mar 19 19:26:07 PDT 2026; root:xnu-12377.101.15~1/RELEASE_ARM64_T6031,arm64,Apple M3 Max,16,rust-native,join,0.944333,20,5000000,,300,,0.930652,6347441877.577757
b454effd-b605-4aaa-801c-de5fdae9f0a1,7d4ed3d6-3f0f-4adb-a87f-2c705c4a7554,2026-05-01T19:06:24+00:00,14,sae-hwans-mbp.pmacs.upenn.edu,Darwin,25.4.0,Darwin Kernel Version 25.4.0: Thu Mar 19 19:26:07 PDT 2026; root:xnu-12377.101.15~1/RELEASE_ARM64_T6031,arm64,Apple M3 Max,16,rust-native,join,0.943366625,20,5000000,,300,,0.930652,6347441877.577757
b454effd-b605-4aaa-801c-de5fdae9f0a1,7d4ed3d6-3f0f-4adb-a87f-2c705c4a7554,2026-05-01T19:06:24+00:00,15,sae-hwans-mbp.pmacs.upenn.edu,Darwin,25.4.0,Darwin Kernel Version 25.4.0: Thu Mar 19 19:26:07 PDT 2026; root:xnu-12377.101.15~1/RELEASE_ARM64_T6031,arm64,Apple M3 Max,16,rust-native,join,0.9560755,20,5000000,,300,,0.930652,6347441877.577757
b454effd-b605-4aaa-801c-de5fdae9f0a1,7d4ed3d6-3f0f-4adb-a87f-2c705c4a7554,2026-05-01T19:06:24+00:00,16,sae-hwans-mbp.pmacs.upenn.edu,Darwin,25.4.0,Darwin Kernel Version 25.4.0: Thu Mar 19 19:26:07 PDT 2026; root:xnu-12377.101.15~1/RELEASE_ARM64_T6031,arm64,Apple M3 Max,16,rust-native,join,0.944717083,20,5000000,,300,,0.930652,6347441877.577757
b454effd-b605-4aaa-801c-de5fdae9f0a1,7d4ed3d6-3f0f-4adb-a87f-2c705c4a7554,2026-05-01T19:06:24+00:00,17,sae-hwans-mbp.pmacs.upenn.edu,Darwin,25.4.0,Darwin Kernel Version 25.4.0: Thu Mar 19 19:26:07 PDT 2026; root:xnu-12377.101.15~1/RELEASE_ARM64_T6031,arm64,Apple M3 Max,16,rust-native,join,0.95333875,20,5000000,,300,,0.930652,6347441877.577757
b454effd-b605-4aaa-801c-de5fdae9f0a1,7d4ed3d6-3f0f-4adb-a87f-2c705c4a7554,2026-05-01T19:06:24+00:00,18,sae-hwans-mbp.pmacs.upenn.edu,Darwin,25.4.0,Darwin Kernel Version 25.4.0: Thu Mar 19 19:26:07 PDT 2026; root:xnu-12377.101.15~1/RELEASE_ARM64_T6031,arm64,Apple M3 Max,16,rust-native,join,0.947003542,20,5000000,,300,,0.930652,6347441877.577757
b454effd-b605-4aaa-801c-de5fdae9f0a1,7d4ed3d6-3f0f-4adb-a87f-2c705c4a7554,2026-05-01T19:06:24+00:00,19,sae-hwans-mbp.pmacs.upenn.edu,Darwin,25.4.0,Darwin Kernel Version 25.4.0: Thu Mar 19 19:26:07 PDT 2026; root:xnu-12377.101.15~1/RELEASE_ARM64_T6031,arm64,Apple M3 Max,16,rust-native,join,0.952134791,20,5000000,,300,,0.930652,6347441877.577757
b454effd-b605-4aaa-801c-de5fdae9f0a1,7d4ed3d6-3f0f-4adb-a87f-2c705c4a7554,2026-05-01T19:06:24+00:00,20,sae-hwans-mbp.pmacs.upenn.edu,Darwin,25.4.0,Darwin Kernel Version 25.4.0: Thu Mar 19 19:26:07 PDT 2026; root:xnu-12377.101.15~1/RELEASE_ARM64_T6031,arm64,Apple M3 Max,16,rust-native,join,0.935836833,20,5000000,,300,,0.930652,6347441877.577757
b454effd-b605-4aaa-801c-de5fdae9f0a1,c5eab453-42f2-4b06-b5aa-f5c5a630c122,2026-05-01T19:08:08+00:00,1,sae-hwans-mbp.pmacs.upenn.edu,Darwin,25.4.0,Darwin Kernel Version 25.4.0: Thu Mar 19 19:26:07 PDT 2026; root:xnu-12377.101.15~1/RELEASE_ARM64_T6031,arm64,Apple M3 Max,16,python-csv-loop,sessionize,5.227364957972895,20,5000000,,4830167,,5.170014708011877,1273796864.9778242
b454effd-b605-4aaa-801c-de5fdae9f0a1,c5eab453-42f2-4b06-b5aa-f5c5a630c122,2026-05-01T19:08:08+00:00,2,sae-hwans-mbp.pmacs.upenn.edu,Darwin,25.4.0,Darwin Kernel Version 25.4.0: Thu Mar 19 19:26:07 PDT 2026; root:xnu-12377.101.15~1/RELEASE_ARM64_T6031,arm64,Apple M3 Max,16,python-csv-loop,sessionize,5.193120792042464,20,5000000,,4830167,,5.170014708011877,1273796864.9778242
b454effd-b605-4aaa-801c-de5fdae9f0a1,c5eab453-42f2-4b06-b5aa-f5c5a630c122,2026-05-01T19:08:08+00:00,3,sae-hwans-mbp.pmacs.upenn.edu,Darwin,25.4.0,Darwin Kernel Version 25.4.0: Thu Mar 19 19:26:07 PDT 2026; root:xnu-12377.101.15~1/RELEASE_ARM64_T6031,arm64,Apple M3 Max,16,python-csv-loop,sessionize,5.222332208009902,20,5000000,,4830167,,5.170014708011877,1273796864.9778242
b454effd-b605-4aaa-801c-de5fdae9f0a1,c5eab453-42f2-4b06-b5aa-f5c5a630c122,2026-05-01T19:08:08+00:00,4,sae-hwans-mbp.pmacs.upenn.edu,Darwin,25.4.0,Darwin Kernel Version 25.4.0: Thu Mar 19 19:26:07 PDT 2026; root:xnu-12377.101.15~1/RELEASE_ARM64_T6031,arm64,Apple M3 Max,16,python-csv-loop,sessionize,5.210626166022848,20,5000000,,4830167,,5.170014708011877,1273796864.9778242
b454effd-b605-4aaa-801c-de5fdae9f0a1,c5eab453-42f2-4b06-b5aa-f5c5a630c122,2026-05-01T19:08:08+00:00,5,sae-hwans-mbp.pmacs.upenn.edu,Darwin,25.4.0,Darwin Kernel Version 25.4.0: Thu Mar 19 19:26:07 PDT 2026; root:xnu-12377.101.15~1/RELEASE_ARM64_T6031,arm64,Apple M3 Max,16,python-csv-loop,sessionize,5.1811847910285,20,5000000,,4830167,,5.170014708011877,1273796864.9778242
b454effd-b605-4aaa-801c-de5fdae9f0a1,c5eab453-42f2-4b06-b5aa-f5c5a630c122,2026-05-01T19:08:08+00:00,6,sae-hwans-mbp.pmacs.upenn.edu,Darwin,25.4.0,Darwin Kernel Version 25.4.0: Thu Mar 19 19:26:07 PDT 2026; root:xnu-12377.101.15~1/RELEASE_ARM64_T6031,arm64,Apple M3 Max,16,python-csv-loop,sessionize,5.1970569170080125,20,5000000,,4830167,,5.170014708011877,1273796864.9778242
b454effd-b605-4aaa-801c-de5fdae9f0a1,c5eab453-42f2-4b06-b5aa-f5c5a630c122,2026-05-01T19:08:08+00:00,7,sae-hwans-mbp.pmacs.upenn.edu,Darwin,25.4.0,Darwin Kernel Version 25.4.0: Thu Mar 19 19:26:07 PDT 2026; root:xnu-12377.101.15~1/RELEASE_ARM64_T6031,arm64,Apple M3 Max,16,python-csv-loop,sessionize,5.189705458993558,20,5000000,,4830167,,5.170014708011877,1273796864.9778242
b454effd-b605-4aaa-801c-de5fdae9f0a1,c5eab453-42f2-4b06-b5aa-f5c5a630c122,2026-05-01T19:08:08+00:00,8,sae-hwans-mbp.pmacs.upenn.edu,Darwin,25.4.0,Darwin Kernel Version 25.4.0: Thu Mar 19 19:26:07 PDT 2026; root:xnu-12377.101.15~1/RELEASE_ARM64_T6031,arm64,Apple M3 Max,16,python-csv-loop,sessionize,5.178155458008405,20,5000000,,4830167,,5.170014708011877,1273796864.9778242
b454effd-b605-4aaa-801c-de5fdae9f0a1,c5eab453-42f2-4b06-b5aa-f5c5a630c122,2026-05-01T19:08:08+00:00,9,sae-hwans-mbp.pmacs.upenn.edu,Darwin,25.4.0,Darwin Kernel Version 25.4.0: Thu Mar 19 19:26:07 PDT 2026; root:xnu-12377.101.15~1/RELEASE_ARM64_T6031,arm64,Apple M3 Max,16,python-csv-loop,sessionize,5.170014708011877,20,5000000,,4830167,,5.170014708011877,1273796864.9778242
b454effd-b605-4aaa-801c-de5fdae9f0a1,c5eab453-42f2-4b06-b5aa-f5c5a630c122,2026-05-01T19:08:08+00:00,10,sae-hwans-mbp.pmacs.upenn.edu,Darwin,25.4.0,Darwin Kernel Version 25.4.0: Thu Mar 19 19:26:07 PDT 2026; root:xnu-12377.101.15~1/RELEASE_ARM64_T6031,arm64,Apple M3 Max,16,python-csv-loop,sessionize,5.206226875016,20,5000000,,4830167,,5.170014708011877,1273796864.9778242
b454effd-b605-4aaa-801c-de5fdae9f0a1,c5eab453-42f2-4b06-b5aa-f5c5a630c122,2026-05-01T19:08:08+00:00,11,sae-hwans-mbp.pmacs.upenn.edu,Darwin,25.4.0,Darwin Kernel Version 25.4.0: Thu Mar 19 19:26:07 PDT 2026; root:xnu-12377.101.15~1/RELEASE_ARM64_T6031,arm64,Apple M3 Max,16,python-csv-loop,sessionize,5.171515666996129,20,5000000,,4830167,,5.170014708011877,1273796864.9778242
b454effd-b605-4aaa-801c-de5fdae9f0a1,c5eab453-42f2-4b06-b5aa-f5c5a630c122,2026-05-01T19:08:08+00:00,12,sae-hwans-mbp.pmacs.upenn.edu,Darwin,25.4.0,Darwin Kernel Version 25.4.0: Thu Mar 19 19:26:07 PDT 2026; root:xnu-12377.101.15~1/RELEASE_ARM64_T6031,arm64,Apple M3 Max,16,python-csv-loop,sessionize,5.201806625002064,20,5000000,,4830167,,5.170014708011877,1273796864.9778242
b454effd-b605-4aaa-801c-de5fdae9f0a1,c5eab453-42f2-4b06-b5aa-f5c5a630c122,2026-05-01T19:08:08+00:00,13,sae-hwans-mbp.pmacs.upenn.edu,Darwin,25.4.0,Darwin Kernel Version 25.4.0: Thu Mar 19 19:26:07 PDT 2026; root:xnu-12377.101.15~1/RELEASE_ARM64_T6031,arm64,Apple M3 Max,16,python-csv-loop,sessionize,5.175351625017356,20,5000000,,4830167,,5.170014708011877,1273796864.9778242
b454effd-b605-4aaa-801c-de5fdae9f0a1,c5eab453-42f2-4b06-b5aa-f5c5a630c122,2026-05-01T19:08:08+00:00,14,sae-hwans-mbp.pmacs.upenn.edu,Darwin,25.4.0,Darwin Kernel Version 25.4.0: Thu Mar 19 19:26:07 PDT 2026; root:xnu-12377.101.15~1/RELEASE_ARM64_T6031,arm64,Apple M3 Max,16,python-csv-loop,sessionize,5.19027558300877,20,5000000,,4830167,,5.170014708011877,1273796864.9778242
b454effd-b605-4aaa-801c-de5fdae9f0a1,c5eab453-42f2-4b06-b5aa-f5c5a630c122,2026-05-01T19:08:08+00:00,15,sae-hwans-mbp.pmacs.upenn.edu,Darwin,25.4.0,Darwin Kernel Version 25.4.0: Thu Mar 19 19:26:07 PDT 2026; root:xnu-12377.101.15~1/RELEASE_ARM64_T6031,arm64,Apple M3 Max,16,python-csv-loop,sessionize,5.1701961660292,20,5000000,,4830167,,5.170014708011877,1273796864.9778242
b454effd-b605-4aaa-801c-de5fdae9f0a1,c5eab453-42f2-4b06-b5aa-f5c5a630c122,2026-05-01T19:08:08+00:00,16,sae-hwans-mbp.pmacs.upenn.edu,Darwin,25.4.0,Darwin Kernel Version 25.4.0: Thu Mar 19 19:26:07 PDT 2026; root:xnu-12377.101.15~1/RELEASE_ARM64_T6031,arm64,Apple M3 Max,16,python-csv-loop,sessionize,5.208920915960334,20,5000000,,4830167,,5.170014708011877,1273796864.9778242
b454effd-b605-4aaa-801c-de5fdae9f0a1,c5eab453-42f2-4b06-b5aa-f5c5a630c122,2026-05-01T19:08:08+00:00,17,sae-hwans-mbp.pmacs.upenn.edu,Darwin,25.4.0,Darwin Kernel Version 25.4.0: Thu Mar 19 19:26:07 PDT 2026; root:xnu-12377.101.15~1/RELEASE_ARM64_T6031,arm64,Apple M3 Max,16,python-csv-loop,sessionize,5.1966614160337485,20,5000000,,4830167,,5.170014708011877,1273796864.9778242
b454effd-b605-4aaa-801c-de5fdae9f0a1,c5eab453-42f2-4b06-b5aa-f5c5a630c122,2026-05-01T19:08:08+00:00,18,sae-hwans-mbp.pmacs.upenn.edu,Darwin,25.4.0,Darwin Kernel Version 25.4.0: Thu Mar 19 19:26:07 PDT 2026; root:xnu-12377.101.15~1/RELEASE_ARM64_T6031,arm64,Apple M3 Max,16,python-csv-loop,sessionize,5.176180083013605,20,5000000,,4830167,,5.170014708011877,1273796864.9778242
b454effd-b605-4aaa-801c-de5fdae9f0a1,c5eab453-42f2-4b06-b5aa-f5c5a630c122,2026-05-01T19:08:08+00:00,19,sae-hwans-mbp.pmacs.upenn.edu,Darwin,25.4.0,Darwin Kernel Version 25.4.0: Thu Mar 19 19:26:07 PDT 2026; root:xnu-12377.101.15~1/RELEASE_ARM64_T6031,arm64,Apple M3 Max,16,python-csv-loop,sessionize,5.193385000049602,20,5000000,,4830167,,5.170014708011877,1273796864.9778242
b454effd-b605-4aaa-801c-de5fdae9f0a1,c5eab453-42f2-4b06-b5aa-f5c5a630c122,2026-05-01T19:08:08+00:00,20,sae-hwans-mbp.pmacs.upenn.edu,Darwin,25.4.0,Darwin Kernel Version 25.4.0: Thu Mar 19 19:26:07 PDT 2026; root:xnu-12377.101.15~1/RELEASE_ARM64_T6031,arm64,Apple M3 Max,16,python-csv-loop,sessionize,5.188576459011529,20,5000000,,4830167,,5.170014708011877,1273796864.9778242
b454effd-b605-4aaa-801c-de5fdae9f0a1,df7dbd82-728b-4c1b-a230-60bcbfac31aa,2026-05-01T19:08:21+00:00,1,sae-hwans-mbp.pmacs.upenn.edu,Darwin,25.4.0,Darwin Kernel Version 25.4.0: Thu Mar 19 19:26:07 PDT 2026; root:xnu-12377.101.15~1/RELEASE_ARM64_T6031,arm64,Apple M3 Max,16,rust-native,sessionize,0.618185541,20,5000000,,4830167,,0.597451,1273796864.9778242
b454effd-b605-4aaa-801c-de5fdae9f0a1,df7dbd82-728b-4c1b-a230-60bcbfac31aa,2026-05-01T19:08:21+00:00,2,sae-hwans-mbp.pmacs.upenn.edu,Darwin,25.4.0,Darwin Kernel Version 25.4.0: Thu Mar 19 19:26:07 PDT 2026; root:xnu-12377.101.15~1/RELEASE_ARM64_T6031,arm64,Apple M3 Max,16,rust-native,sessionize,0.6056525,20,5000000,,4830167,,0.597451,1273796864.9778242
b454effd-b605-4aaa-801c-de5fdae9f0a1,df7dbd82-728b-4c1b-a230-60bcbfac31aa,2026-05-01T19:08:21+00:00,3,sae-hwans-mbp.pmacs.upenn.edu,Darwin,25.4.0,Darwin Kernel Version 25.4.0: Thu Mar 19 19:26:07 PDT 2026; root:xnu-12377.101.15~1/RELEASE_ARM64_T6031,arm64,Apple M3 Max,16,rust-native,sessionize,0.609227708,20,5000000,,4830167,,0.597451,1273796864.9778242
b454effd-b605-4aaa-801c-de5fdae9f0a1,df7dbd82-728b-4c1b-a230-60bcbfac31aa,2026-05-01T19:08:21+00:00,4,sae-hwans-mbp.pmacs.upenn.edu,Darwin,25.4.0,Darwin Kernel Version 25.4.0: Thu Mar 19 19:26:07 PDT 2026; root:xnu-12377.101.15~1/RELEASE_ARM64_T6031,arm64,Apple M3 Max,16,rust-native,sessionize,0.610030125,20,5000000,,4830167,,0.597451,1273796864.9778242
b454effd-b605-4aaa-801c-de5fdae9f0a1,df7dbd82-728b-4c1b-a230-60bcbfac31aa,2026-05-01T19:08:21+00:00,5,sae-hwans-mbp.pmacs.upenn.edu,Darwin,25.4.0,Darwin Kernel Version 25.4.0: Thu Mar 19 19:26:07 PDT 2026; root:xnu-12377.101.15~1/RELEASE_ARM64_T6031,arm64,Apple M3 Max,16,rust-native,sessionize,0.60748725,20,5000000,,4830167,,0.597451,1273796864.9778242
b454effd-b605-4aaa-801c-de5fdae9f0a1,df7dbd82-728b-4c1b-a230-60bcbfac31aa,2026-05-01T19:08:21+00:00,6,sae-hwans-mbp.pmacs.upenn.edu,Darwin,25.4.0,Darwin Kernel Version 25.4.0: Thu Mar 19 19:26:07 PDT 2026; root:xnu-12377.101.15~1/RELEASE_ARM64_T6031,arm64,Apple M3 Max,16,rust-native,sessionize,0.609034375,20,5000000,,4830167,,0.597451,1273796864.9778242
b454effd-b605-4aaa-801c-de5fdae9f0a1,df7dbd82-728b-4c1b-a230-60bcbfac31aa,2026-05-01T19:08:21+00:00,7,sae-hwans-mbp.pmacs.upenn.edu,Darwin,25.4.0,Darwin Kernel Version 25.4.0: Thu Mar 19 19:26:07 PDT 2026; root:xnu-12377.101.15~1/RELEASE_ARM64_T6031,arm64,Apple M3 Max,16,rust-native,sessionize,0.602116041,20,5000000,,4830167,,0.597451,1273796864.9778242
b454effd-b605-4aaa-801c-de5fdae9f0a1,df7dbd82-728b-4c1b-a230-60bcbfac31aa,2026-05-01T19:08:21+00:00,8,sae-hwans-mbp.pmacs.upenn.edu,Darwin,25.4.0,Darwin Kernel Version 25.4.0: Thu Mar 19 19:26:07 PDT 2026; root:xnu-12377.101.15~1/RELEASE_ARM64_T6031,arm64,Apple M3 Max,16,rust-native,sessionize,0.601237917,20,5000000,,4830167,,0.597451,1273796864.9778242
b454effd-b605-4aaa-801c-de5fdae9f0a1,df7dbd82-728b-4c1b-a230-60bcbfac31aa,2026-05-01T19:08:21+00:00,9,sae-hwans-mbp.pmacs.upenn.edu,Darwin,25.4.0,Darwin Kernel Version 25.4.0: Thu Mar 19 19:26:07 PDT 2026; root:xnu-12377.101.15~1/RELEASE_ARM64_T6031,arm64,Apple M3 Max,16,rust-native,sessionize,0.6044015,20,5000000,,4830167,,0.597451,1273796864.9778242
b454effd-b605-4aaa-801c-de5fdae9f0a1,df7dbd82-728b-4c1b-a230-60bcbfac31aa,2026-05-01T19:08:21+00:00,10,sae-hwans-mbp.pmacs.upenn.edu,Darwin,25.4.0,Darwin Kernel Version 25.4.0: Thu Mar 19 19:26:07 PDT 2026; root:xnu-12377.101.15~1/RELEASE_ARM64_T6031,arm64,Apple M3 Max,16,rust-native,sessionize,0.597451,20,5000000,,4830167,,0.597451,1273796864.9778242
b454effd-b605-4aaa-801c-de5fdae9f0a1,df7dbd82-728b-4c1b-a230-60bcbfac31aa,2026-05-01T19:08:21+00:00,11,sae-hwans-mbp.pmacs.upenn.edu,Darwin,25.4.0,Darwin Kernel Version 25.4.0: Thu Mar 19 19:26:07 PDT 2026; root:xnu-12377.101.15~1/RELEASE_ARM64_T6031,arm64,Apple M3 Max,16,rust-native,sessionize,0.6029815,20,5000000,,4830167,,0.597451,1273796864.9778242
b454effd-b605-4aaa-801c-de5fdae9f0a1,df7dbd82-728b-4c1b-a230-60bcbfac31aa,2026-05-01T19:08:21+00:00,12,sae-hwans-mbp.pmacs.upenn.edu,Darwin,25.4.0,Darwin Kernel Version 25.4.0: Thu Mar 19 19:26:07 PDT 2026; root:xnu-12377.101.15~1/RELEASE_ARM64_T6031,arm64,Apple M3 Max,16,rust-native,sessionize,0.603451125,20,5000000,,4830167,,0.597451,1273796864.9778242
b454effd-b605-4aaa-801c-de5fdae9f0a1,df7dbd82-728b-4c1b-a230-60bcbfac31aa,2026-05-01T19:08:21+00:00,13,sae-hwans-mbp.pmacs.upenn.edu,Darwin,25.4.0,Darwin Kernel Version 25.4.0: Thu Mar 19 19:26:07 PDT 2026; root:xnu-12377.101.15~1/RELEASE_ARM64_T6031,arm64,Apple M3 Max,16,rust-native,sessionize,0.606322125,20,5000000,,4830167,,0.597451,1273796864.9778242
b454effd-b605-4aaa-801c-de5fdae9f0a1,df7dbd82-728b-4c1b-a230-60bcbfac31aa,2026-05-01T19:08:21+00:00,14,sae-hwans-mbp.pmacs.upenn.edu,Darwin,25.4.0,Darwin Kernel Version 25.4.0: Thu Mar 19 19:26:07 PDT 2026; root:xnu-12377.101.15~1/RELEASE_ARM64_T6031,arm64,Apple M3 Max,16,rust-native,sessionize,0.604510834,20,5000000,,4830167,,0.597451,1273796864.9778242
b454effd-b605-4aaa-801c-de5fdae9f0a1,df7dbd82-728b-4c1b-a230-60bcbfac31aa,2026-05-01T19:08:21+00:00,15,sae-hwans-mbp.pmacs.upenn.edu,Darwin,25.4.0,Darwin Kernel Version 25.4.0: Thu Mar 19 19:26:07 PDT 2026; root:xnu-12377.101.15~1/RELEASE_ARM64_T6031,arm64,Apple M3 Max,16,rust-native,sessionize,0.604624083,20,5000000,,4830167,,0.597451,1273796864.9778242
b454effd-b605-4aaa-801c-de5fdae9f0a1,df7dbd82-728b-4c1b-a230-60bcbfac31aa,2026-05-01T19:08:21+00:00,16,sae-hwans-mbp.pmacs.upenn.edu,Darwin,25.4.0,Darwin Kernel Version 25.4.0: Thu Mar 19 19:26:07 PDT 2026; root:xnu-12377.101.15~1/RELEASE_ARM64_T6031,arm64,Apple M3 Max,16,rust-native,sessionize,0.612067042,20,5000000,,4830167,,0.597451,1273796864.9778242
b454effd-b605-4aaa-801c-de5fdae9f0a1,df7dbd82-728b-4c1b-a230-60bcbfac31aa,2026-05-01T19:08:21+00:00,17,sae-hwans-mbp.pmacs.upenn.edu,Darwin,25.4.0,Darwin Kernel Version 25.4.0: Thu Mar 19 19:26:07 PDT 2026; root:xnu-12377.101.15~1/RELEASE_ARM64_T6031,arm64,Apple M3 Max,16,rust-native,sessionize,0.6077255,20,5000000,,4830167,,0.597451,1273796864.9778242
b454effd-b605-4aaa-801c-de5fdae9f0a1,df7dbd82-728b-4c1b-a230-60bcbfac31aa,2026-05-01T19:08:21+00:00,18,sae-hwans-mbp.pmacs.upenn.edu,Darwin,25.4.0,Darwin Kernel Version 25.4.0: Thu Mar 19 19:26:07 PDT 2026; root:xnu-12377.101.15~1/RELEASE_ARM64_T6031,arm64,Apple M3 Max,16,rust-native,sessionize,0.607213917,20,5000000,,4830167,,0.597451,1273796864.9778242
b454effd-b605-4aaa-801c-de5fdae9f0a1,df7dbd82-728b-4c1b-a230-60bcbfac31aa,2026-05-01T19:08:21+00:00,19,sae-hwans-mbp.pmacs.upenn.edu,Darwin,25.4.0,Darwin Kernel Version 25.4.0: Thu Mar 19 19:26:07 PDT 2026; root:xnu-12377.101.15~1/RELEASE_ARM64_T6031,arm64,Apple M3 Max,16,rust-native,sessionize,0.606171292,20,5000000,,4830167,,0.597451,1273796864.9778242
b454effd-b605-4aaa-801c-de5fdae9f0a1,df7dbd82-728b-4c1b-a230-60bcbfac31aa,2026-05-01T19:08:21+00:00,20,sae-hwans-mbp.pmacs.upenn.edu,Darwin,25.4.0,Darwin Kernel Version 25.4.0: Thu Mar 19 19:26:07 PDT 2026; root:xnu-12377.101.15~1/RELEASE_ARM64_T6031,arm64,Apple M3 Max,16,rust-native,sessionize,0.603284875,20,5000000,,4830167,,0.597451,1273796864.9778242
b454effd-b605-4aaa-801c-de5fdae9f0a1,af37be79-99fe-4664-9246-e37577b00139,2026-05-01T19:10:40+00:00,1,sae-hwans-mbp.pmacs.upenn.edu,Darwin,25.4.0,Darwin Kernel Version 25.4.0: Thu Mar 19 19:26:07 PDT 2026; root:xnu-12377.101.15~1/RELEASE_ARM64_T6031,arm64,Apple M3 Max,16,python-csv-loop,streaming-score,6.986636166984681,20,5000000,,54,50,6.8420828329981305,13066.271723205133
b454effd-b605-4aaa-801c-de5fdae9f0a1,af37be79-99fe-4664-9246-e37577b00139,2026-05-01T19:10:40+00:00,2,sae-hwans-mbp.pmacs.upenn.edu,Darwin,25.4.0,Darwin Kernel Version 25.4.0: Thu Mar 19 19:26:07 PDT 2026; root:xnu-12377.101.15~1/RELEASE_ARM64_T6031,arm64,Apple M3 Max,16,python-csv-loop,streaming-score,6.898923334025312,20,5000000,,54,50,6.8420828329981305,13066.271723205133
b454effd-b605-4aaa-801c-de5fdae9f0a1,af37be79-99fe-4664-9246-e37577b00139,2026-05-01T19:10:40+00:00,3,sae-hwans-mbp.pmacs.upenn.edu,Darwin,25.4.0,Darwin Kernel Version 25.4.0: Thu Mar 19 19:26:07 PDT 2026; root:xnu-12377.101.15~1/RELEASE_ARM64_T6031,arm64,Apple M3 Max,16,python-csv-loop,streaming-score,6.856677083007526,20,5000000,,54,50,6.8420828329981305,13066.271723205133
b454effd-b605-4aaa-801c-de5fdae9f0a1,af37be79-99fe-4664-9246-e37577b00139,2026-05-01T19:10:40+00:00,4,sae-hwans-mbp.pmacs.upenn.edu,Darwin,25.4.0,Darwin Kernel Version 25.4.0: Thu Mar 19 19:26:07 PDT 2026; root:xnu-12377.101.15~1/RELEASE_ARM64_T6031,arm64,Apple M3 Max,16,python-csv-loop,streaming-score,6.9938685419620015,20,5000000,,54,50,6.8420828329981305,13066.271723205133
b454effd-b605-4aaa-801c-de5fdae9f0a1,af37be79-99fe-4664-9246-e37577b00139,2026-05-01T19:10:40+00:00,5,sae-hwans-mbp.pmacs.upenn.edu,Darwin,25.4.0,Darwin Kernel Version 25.4.0: Thu Mar 19 19:26:07 PDT 2026; root:xnu-12377.101.15~1/RELEASE_ARM64_T6031,arm64,Apple M3 Max,16,python-csv-loop,streaming-score,6.873881334031466,20,5000000,,54,50,6.8420828329981305,13066.271723205133
b454effd-b605-4aaa-801c-de5fdae9f0a1,af37be79-99fe-4664-9246-e37577b00139,2026-05-01T19:10:40+00:00,6,sae-hwans-mbp.pmacs.upenn.edu,Darwin,25.4.0,Darwin Kernel Version 25.4.0: Thu Mar 19 19:26:07 PDT 2026; root:xnu-12377.101.15~1/RELEASE_ARM64_T6031,arm64,Apple M3 Max,16,python-csv-loop,streaming-score,6.920666082995012,20,5000000,,54,50,6.8420828329981305,13066.271723205133
b454effd-b605-4aaa-801c-de5fdae9f0a1,af37be79-99fe-4664-9246-e37577b00139,2026-05-01T19:10:40+00:00,7,sae-hwans-mbp.pmacs.upenn.edu,Darwin,25.4.0,Darwin Kernel Version 25.4.0: Thu Mar 19 19:26:07 PDT 2026; root:xnu-12377.101.15~1/RELEASE_ARM64_T6031,arm64,Apple M3 Max,16,python-csv-loop,streaming-score,6.955368209048174,20,5000000,,54,50,6.8420828329981305,13066.271723205133
b454effd-b605-4aaa-801c-de5fdae9f0a1,af37be79-99fe-4664-9246-e37577b00139,2026-05-01T19:10:40+00:00,8,sae-hwans-mbp.pmacs.upenn.edu,Darwin,25.4.0,Darwin Kernel Version 25.4.0: Thu Mar 19 19:26:07 PDT 2026; root:xnu-12377.101.15~1/RELEASE_ARM64_T6031,arm64,Apple M3 Max,16,python-csv-loop,streaming-score,6.928176417015493,20,5000000,,54,50,6.8420828329981305,13066.271723205133
b454effd-b605-4aaa-801c-de5fdae9f0a1,af37be79-99fe-4664-9246-e37577b00139,2026-05-01T19:10:40+00:00,9,sae-hwans-mbp.pmacs.upenn.edu,Darwin,25.4.0,Darwin Kernel Version 25.4.0: Thu Mar 19 19:26:07 PDT 2026; root:xnu-12377.101.15~1/RELEASE_ARM64_T6031,arm64,Apple M3 Max,16,python-csv-loop,streaming-score,6.924488999997266,20,5000000,,54,50,6.8420828329981305,13066.271723205133
b454effd-b605-4aaa-801c-de5fdae9f0a1,af37be79-99fe-4664-9246-e37577b00139,2026-05-01T19:10:40+00:00,10,sae-hwans-mbp.pmacs.upenn.edu,Darwin,25.4.0,Darwin Kernel Version 25.4.0: Thu Mar 19 19:26:07 PDT 2026; root:xnu-12377.101.15~1/RELEASE_ARM64_T6031,arm64,Apple M3 Max,16,python-csv-loop,streaming-score,6.88161829096498,20,5000000,,54,50,6.8420828329981305,13066.271723205133
b454effd-b605-4aaa-801c-de5fdae9f0a1,af37be79-99fe-4664-9246-e37577b00139,2026-05-01T19:10:40+00:00,11,sae-hwans-mbp.pmacs.upenn.edu,Darwin,25.4.0,Darwin Kernel Version 25.4.0: Thu Mar 19 19:26:07 PDT 2026; root:xnu-12377.101.15~1/RELEASE_ARM64_T6031,arm64,Apple M3 Max,16,python-csv-loop,streaming-score,6.923242415999994,20,5000000,,54,50,6.8420828329981305,13066.271723205133
b454effd-b605-4aaa-801c-de5fdae9f0a1,af37be79-99fe-4664-9246-e37577b00139,2026-05-01T19:10:40+00:00,12,sae-hwans-mbp.pmacs.upenn.edu,Darwin,25.4.0,Darwin Kernel Version 25.4.0: Thu Mar 19 19:26:07 PDT 2026; root:xnu-12377.101.15~1/RELEASE_ARM64_T6031,arm64,Apple M3 Max,16,python-csv-loop,streaming-score,6.867357957991771,20,5000000,,54,50,6.8420828329981305,13066.271723205133
b454effd-b605-4aaa-801c-de5fdae9f0a1,af37be79-99fe-4664-9246-e37577b00139,2026-05-01T19:10:40+00:00,13,sae-hwans-mbp.pmacs.upenn.edu,Darwin,25.4.0,Darwin Kernel Version 25.4.0: Thu Mar 19 19:26:07 PDT 2026; root:xnu-12377.101.15~1/RELEASE_ARM64_T6031,arm64,Apple M3 Max,16,python-csv-loop,streaming-score,6.8420828329981305,20,5000000,,54,50,6.8420828329981305,13066.271723205133
b454effd-b605-4aaa-801c-de5fdae9f0a1,af37be79-99fe-4664-9246-e37577b00139,2026-05-01T19:10:40+00:00,14,sae-hwans-mbp.pmacs.upenn.edu,Darwin,25.4.0,Darwin Kernel Version 25.4.0: Thu Mar 19 19:26:07 PDT 2026; root:xnu-12377.101.15~1/RELEASE_ARM64_T6031,arm64,Apple M3 Max,16,python-csv-loop,streaming-score,6.99333933298476,20,5000000,,54,50,6.8420828329981305,13066.271723205133
b454effd-b605-4aaa-801c-de5fdae9f0a1,af37be79-99fe-4664-9246-e37577b00139,2026-05-01T19:10:40+00:00,15,sae-hwans-mbp.pmacs.upenn.edu,Darwin,25.4.0,Darwin Kernel Version 25.4.0: Thu Mar 19 19:26:07 PDT 2026; root:xnu-12377.101.15~1/RELEASE_ARM64_T6031,arm64,Apple M3 Max,16,python-csv-loop,streaming-score,6.858006040973123,20,5000000,,54,50,6.8420828329981305,13066.271723205133
b454effd-b605-4aaa-801c-de5fdae9f0a1,af37be79-99fe-4664-9246-e37577b00139,2026-05-01T19:10:40+00:00,16,sae-hwans-mbp.pmacs.upenn.edu,Darwin,25.4.0,Darwin Kernel Version 25.4.0: Thu Mar 19 19:26:07 PDT 2026; root:xnu-12377.101.15~1/RELEASE_ARM64_T6031,arm64,Apple M3 Max,16,python-csv-loop,streaming-score,7.0046518329763785,20,5000000,,54,50,6.8420828329981305,13066.271723205133
b454effd-b605-4aaa-801c-de5fdae9f0a1,af37be79-99fe-4664-9246-e37577b00139,2026-05-01T19:10:40+00:00,17,sae-hwans-mbp.pmacs.upenn.edu,Darwin,25.4.0,Darwin Kernel Version 25.4.0: Thu Mar 19 19:26:07 PDT 2026; root:xnu-12377.101.15~1/RELEASE_ARM64_T6031,arm64,Apple M3 Max,16,python-csv-loop,streaming-score,6.849623124988284,20,5000000,,54,50,6.8420828329981305,13066.271723205133
b454effd-b605-4aaa-801c-de5fdae9f0a1,af37be79-99fe-4664-9246-e37577b00139,2026-05-01T19:10:40+00:00,18,sae-hwans-mbp.pmacs.upenn.edu,Darwin,25.4.0,Darwin Kernel Version 25.4.0: Thu Mar 19 19:26:07 PDT 2026; root:xnu-12377.101.15~1/RELEASE_ARM64_T6031,arm64,Apple M3 Max,16,python-csv-loop,streaming-score,6.873629084031563,20,5000000,,54,50,6.8420828329981305,13066.271723205133
b454effd-b605-4aaa-801c-de5fdae9f0a1,af37be79-99fe-4664-9246-e37577b00139,2026-05-01T19:10:40+00:00,19,sae-hwans-mbp.pmacs.upenn.edu,Darwin,25.4.0,Darwin Kernel Version 25.4.0: Thu Mar 19 19:26:07 PDT 2026; root:xnu-12377.101.15~1/RELEASE_ARM64_T6031,arm64,Apple M3 Max,16,python-csv-loop,streaming-score,6.984382208029274,20,5000000,,54,50,6.8420828329981305,13066.271723205133
b454effd-b605-4aaa-801c-de5fdae9f0a1,af37be79-99fe-4664-9246-e37577b00139,2026-05-01T19:10:40+00:00,20,sae-hwans-mbp.pmacs.upenn.edu,Darwin,25.4.0,Darwin Kernel Version 25.4.0: Thu Mar 19 19:26:07 PDT 2026; root:xnu-12377.101.15~1/RELEASE_ARM64_T6031,arm64,Apple M3 Max,16,python-csv-loop,streaming-score,6.863368958991487,20,5000000,,54,50,6.8420828329981305,13066.271723205133
b454effd-b605-4aaa-801c-de5fdae9f0a1,62ad6899-4789-4e0f-be47-0d87524754b7,2026-05-01T19:10:56+00:00,1,sae-hwans-mbp.pmacs.upenn.edu,Darwin,25.4.0,Darwin Kernel Version 25.4.0: Thu Mar 19 19:26:07 PDT 2026; root:xnu-12377.101.15~1/RELEASE_ARM64_T6031,arm64,Apple M3 Max,16,rust-native,streaming-score,0.800575875,20,5000000,,54,50,0.768270708,13066.271723205133
b454effd-b605-4aaa-801c-de5fdae9f0a1,62ad6899-4789-4e0f-be47-0d87524754b7,2026-05-01T19:10:56+00:00,2,sae-hwans-mbp.pmacs.upenn.edu,Darwin,25.4.0,Darwin Kernel Version 25.4.0: Thu Mar 19 19:26:07 PDT 2026; root:xnu-12377.101.15~1/RELEASE_ARM64_T6031,arm64,Apple M3 Max,16,rust-native,streaming-score,0.773641083,20,5000000,,54,50,0.768270708,13066.271723205133
b454effd-b605-4aaa-801c-de5fdae9f0a1,62ad6899-4789-4e0f-be47-0d87524754b7,2026-05-01T19:10:56+00:00,3,sae-hwans-mbp.pmacs.upenn.edu,Darwin,25.4.0,Darwin Kernel Version 25.4.0: Thu Mar 19 19:26:07 PDT 2026; root:xnu-12377.101.15~1/RELEASE_ARM64_T6031,arm64,Apple M3 Max,16,rust-native,streaming-score,0.782041083,20,5000000,,54,50,0.768270708,13066.271723205133
b454effd-b605-4aaa-801c-de5fdae9f0a1,62ad6899-4789-4e0f-be47-0d87524754b7,2026-05-01T19:10:56+00:00,4,sae-hwans-mbp.pmacs.upenn.edu,Darwin,25.4.0,Darwin Kernel Version 25.4.0: Thu Mar 19 19:26:07 PDT 2026; root:xnu-12377.101.15~1/RELEASE_ARM64_T6031,arm64,Apple M3 Max,16,rust-native,streaming-score,0.772281167,20,5000000,,54,50,0.768270708,13066.271723205133
b454effd-b605-4aaa-801c-de5fdae9f0a1,62ad6899-4789-4e0f-be47-0d87524754b7,2026-05-01T19:10:56+00:00,5,sae-hwans-mbp.pmacs.upenn.edu,Darwin,25.4.0,Darwin Kernel Version 25.4.0: Thu Mar 19 19:26:07 PDT 2026; root:xnu-12377.101.15~1/RELEASE_ARM64_T6031,arm64,Apple M3 Max,16,rust-native,streaming-score,0.774271459,20,5000000,,54,50,0.768270708,13066.271723205133
b454effd-b605-4aaa-801c-de5fdae9f0a1,62ad6899-4789-4e0f-be47-0d87524754b7,2026-05-01T19:10:56+00:00,6,sae-hwans-mbp.pmacs.upenn.edu,Darwin,25.4.0,Darwin Kernel Version 25.4.0: Thu Mar 19 19:26:07 PDT 2026; root:xnu-12377.101.15~1/RELEASE_ARM64_T6031,arm64,Apple M3 Max,16,rust-native,streaming-score,0.768270708,20,5000000,,54,50,0.768270708,13066.271723205133
b454effd-b605-4aaa-801c-de5fdae9f0a1,62ad6899-4789-4e0f-be47-0d87524754b7,2026-05-01T19:10:56+00:00,7,sae-hwans-mbp.pmacs.upenn.edu,Darwin,25.4.0,Darwin Kernel Version 25.4.0: Thu Mar 19 19:26:07 PDT 2026; root:xnu-12377.101.15~1/RELEASE_ARM64_T6031,arm64,Apple M3 Max,16,rust-native,streaming-score,0.781167042,20,5000000,,54,50,0.768270708,13066.271723205133
b454effd-b605-4aaa-801c-de5fdae9f0a1,62ad6899-4789-4e0f-be47-0d87524754b7,2026-05-01T19:10:56+00:00,8,sae-hwans-mbp.pmacs.upenn.edu,Darwin,25.4.0,Darwin Kernel Version 25.4.0: Thu Mar 19 19:26:07 PDT 2026; root:xnu-12377.101.15~1/RELEASE_ARM64_T6031,arm64,Apple M3 Max,16,rust-native,streaming-score,0.787650625,20,5000000,,54,50,0.768270708,13066.271723205133
b454effd-b605-4aaa-801c-de5fdae9f0a1,62ad6899-4789-4e0f-be47-0d87524754b7,2026-05-01T19:10:56+00:00,9,sae-hwans-mbp.pmacs.upenn.edu,Darwin,25.4.0,Darwin Kernel Version 25.4.0: Thu Mar 19 19:26:07 PDT 2026; root:xnu-12377.101.15~1/RELEASE_ARM64_T6031,arm64,Apple M3 Max,16,rust-native,streaming-score,0.775013041,20,5000000,,54,50,0.768270708,13066.271723205133
b454effd-b605-4aaa-801c-de5fdae9f0a1,62ad6899-4789-4e0f-be47-0d87524754b7,2026-05-01T19:10:56+00:00,10,sae-hwans-mbp.pmacs.upenn.edu,Darwin,25.4.0,Darwin Kernel Version 25.4.0: Thu Mar 19 19:26:07 PDT 2026; root:xnu-12377.101.15~1/RELEASE_ARM64_T6031,arm64,Apple M3 Max,16,rust-native,streaming-score,0.773891125,20,5000000,,54,50,0.768270708,13066.271723205133
b454effd-b605-4aaa-801c-de5fdae9f0a1,62ad6899-4789-4e0f-be47-0d87524754b7,2026-05-01T19:10:56+00:00,11,sae-hwans-mbp.pmacs.upenn.edu,Darwin,25.4.0,Darwin Kernel Version 25.4.0: Thu Mar 19 19:26:07 PDT 2026; root:xnu-12377.101.15~1/RELEASE_ARM64_T6031,arm64,Apple M3 Max,16,rust-native,streaming-score,0.777005541,20,5000000,,54,50,0.768270708,13066.271723205133
b454effd-b605-4aaa-801c-de5fdae9f0a1,62ad6899-4789-4e0f-be47-0d87524754b7,2026-05-01T19:10:56+00:00,12,sae-hwans-mbp.pmacs.upenn.edu,Darwin,25.4.0,Darwin Kernel Version 25.4.0: Thu Mar 19 19:26:07 PDT 2026; root:xnu-12377.101.15~1/RELEASE_ARM64_T6031,arm64,Apple M3 Max,16,rust-native,streaming-score,0.777000959,20,5000000,,54,50,0.768270708,13066.271723205133
b454effd-b605-4aaa-801c-de5fdae9f0a1,62ad6899-4789-4e0f-be47-0d87524754b7,2026-05-01T19:10:56+00:00,13,sae-hwans-mbp.pmacs.upenn.edu,Darwin,25.4.0,Darwin Kernel Version 25.4.0: Thu Mar 19 19:26:07 PDT 2026; root:xnu-12377.101.15~1/RELEASE_ARM64_T6031,arm64,Apple M3 Max,16,rust-native,streaming-score,0.779091167,20,5000000,,54,50,0.768270708,13066.271723205133
b454effd-b605-4aaa-801c-de5fdae9f0a1,62ad6899-4789-4e0f-be47-0d87524754b7,2026-05-01T19:10:56+00:00,14,sae-hwans-mbp.pmacs.upenn.edu,Darwin,25.4.0,Darwin Kernel Version 25.4.0: Thu Mar 19 19:26:07 PDT 2026; root:xnu-12377.101.15~1/RELEASE_ARM64_T6031,arm64,Apple M3 Max,16,rust-native,streaming-score,0.785362042,20,5000000,,54,50,0.768270708,13066.271723205133
b454effd-b605-4aaa-801c-de5fdae9f0a1,62ad6899-4789-4e0f-be47-0d87524754b7,2026-05-01T19:10:56+00:00,15,sae-hwans-mbp.pmacs.upenn.edu,Darwin,25.4.0,Darwin Kernel Version 25.4.0: Thu Mar 19 19:26:07 PDT 2026; root:xnu-12377.101.15~1/RELEASE_ARM64_T6031,arm64,Apple M3 Max,16,rust-native,streaming-score,0.780979375,20,5000000,,54,50,0.768270708,13066.271723205133
b454effd-b605-4aaa-801c-de5fdae9f0a1,62ad6899-4789-4e0f-be47-0d87524754b7,2026-05-01T19:10:56+00:00,16,sae-hwans-mbp.pmacs.upenn.edu,Darwin,25.4.0,Darwin Kernel Version 25.4.0: Thu Mar 19 19:26:07 PDT 2026; root:xnu-12377.101.15~1/RELEASE_ARM64_T6031,arm64,Apple M3 Max,16,rust-native,streaming-score,0.776390041,20,5000000,,54,50,0.768270708,13066.271723205133
b454effd-b605-4aaa-801c-de5fdae9f0a1,62ad6899-4789-4e0f-be47-0d87524754b7,2026-05-01T19:10:56+00:00,17,sae-hwans-mbp.pmacs.upenn.edu,Darwin,25.4.0,Darwin Kernel Version 25.4.0: Thu Mar 19 19:26:07 PDT 2026; root:xnu-12377.101.15~1/RELEASE_ARM64_T6031,arm64,Apple M3 Max,16,rust-native,streaming-score,0.768674458,20,5000000,,54,50,0.768270708,13066.271723205133
b454effd-b605-4aaa-801c-de5fdae9f0a1,62ad6899-4789-4e0f-be47-0d87524754b7,2026-05-01T19:10:56+00:00,18,sae-hwans-mbp.pmacs.upenn.edu,Darwin,25.4.0,Darwin Kernel Version 25.4.0: Thu Mar 19 19:26:07 PDT 2026; root:xnu-12377.101.15~1/RELEASE_ARM64_T6031,arm64,Apple M3 Max,16,rust-native,streaming-score,0.782295958,20,5000000,,54,50,0.768270708,13066.271723205133
b454effd-b605-4aaa-801c-de5fdae9f0a1,62ad6899-4789-4e0f-be47-0d87524754b7,2026-05-01T19:10:56+00:00,19,sae-hwans-mbp.pmacs.upenn.edu,Darwin,25.4.0,Darwin Kernel Version 25.4.0: Thu Mar 19 19:26:07 PDT 2026; root:xnu-12377.101.15~1/RELEASE_ARM64_T6031,arm64,Apple M3 Max,16,rust-native,streaming-score,0.779552625,20,5000000,,54,50,0.768270708,13066.271723205133
b454effd-b605-4aaa-801c-de5fdae9f0a1,62ad6899-4789-4e0f-be47-0d87524754b7,2026-05-01T19:10:56+00:00,20,sae-hwans-mbp.pmacs.upenn.edu,Darwin,25.4.0,Darwin Kernel Version 25.4.0: Thu Mar 19 19:26:07 PDT 2026; root:xnu-12377.101.15~1/RELEASE_ARM64_T6031,arm64,Apple M3 Max,16,rust-native,streaming-score,0.775962708,20,5000000,,54,50,0.768270708,13066.271723205133
